{"type": "FeatureCollection", "features": [{"type": "Feature", "geometry": {"type": "Polygon", "coordinates": [[[88.03151433300008, 26.763670956000055], [88.02930277000007, 26.76625495600007], [88.03068158300005, 26.768539831000055], [88.02962227000006, 26.77046333100003], [88.02946739500004, 26.773291894000067], [88.02998277000006, 26.777045331000068], [88.02836127100005, 26.777835581000033], [88.02700620800005, 26.775261644000068], [88.02702664500003, 26.773196832000053], [88.02335664500004, 26.77291870700003], [88.02281002100005, 26.77020126800005], [88.02014745800005, 26.768974831000037], [88.01844952000005, 26.769018644000028], [88.01277670800005, 26.767958144000033], [88.01087839500008, 26.766796019000026], [88.00682458300008, 26.76985764400007], [88.00674958300004, 26.773622144000058], [88.00578533300006, 26.774818206000077], [88.00333320800007, 26.773937456000056], [88.00105964500005, 26.769618706000074], [88.00069483300007, 26.767723518000025], [88.00160595800008, 26.765266456000063], [88.00097695800008, 26.76204851800003], [88.00088702000005, 26.75774814400006], [87.99947933300007, 26.753292393000038], [87.99739920800005, 26.752492393000068], [87.99376533200007, 26.755340894000028], [87.99041958200007, 26.752076456000054], [87.98886295800008, 26.753235956000026], [87.98391270800005, 26.752119519000075], [87.98102202000007, 26.758049519000053], [87.98118277000003, 26.75979270600004], [87.98225402000008, 26.760638269000026], [87.98291339600007, 26.762917393000066], [87.98130495800007, 26.763919143000066], [87.98117889600007, 26.766873831000055], [87.97863420800007, 26.76887045600006], [87.97853889500004, 26.77131945600007], [87.98033114500004, 26.773547894000046], [87.98073895800007, 26.77631608100006], [87.97785245800009, 26.778199956000037], [87.97679895800007, 26.777020269000047], [87.97663939500006, 26.775268019000066], [87.97532958200009, 26.77307014400003], [87.97342014600008, 26.77285758100004], [87.97126964500006, 26.77452189400003], [87.96585727100006, 26.77689220600007], [87.96560564600009, 26.77873076900005], [87.96689083300004, 26.78211364400005], [87.96669739500004, 26.783317706000048], [87.96856333300008, 26.785356144000048], [87.96916095800003, 26.78851576900007], [87.96731414500005, 26.789559644000065], [87.96529302100004, 26.787910331000035], [87.96368002000008, 26.78628308100008], [87.96122545800006, 26.781145769000034], [87.96011902000004, 26.774782956000024], [87.96006927100007, 26.76841526800007], [87.95623977000008, 26.76766714300004], [87.95583852000004, 26.766507707000073], [87.95378239600007, 26.765271393000035], [87.95144445800008, 26.766483143000073], [87.95138695800006, 26.763807206000024], [87.95685408300005, 26.76109864400007], [87.95664064600004, 26.75872839400006], [87.95772258300008, 26.756374269000048], [87.95794820700007, 26.753373768000074], [87.95952858300006, 26.75223476900004], [87.96025520800004, 26.749564831000043], [87.95604445800006, 26.744856706000064], [87.95362845800008, 26.742532894000078], [87.95238514600004, 26.740151581000077], [87.95118283300008, 26.739351769000052], [87.95231345800005, 26.737802956000053], [87.95302308300006, 26.734512581000047], [87.95217333200009, 26.73146739400005], [87.95288008300008, 26.728366581000046], [87.95123483300006, 26.727258394000046], [87.94826314500006, 26.726511018000053], [87.94534014500005, 26.72822745600007], [87.94191445800004, 26.72651945700005], [87.93808514500006, 26.72614314300006], [87.93496602000005, 26.72386883200005], [87.93093064500005, 26.718775144000062], [87.93115120800007, 26.71545870700004], [87.92991502100006, 26.715480456000023], [87.92913839500005, 26.711901956000077], [87.93555258300006, 26.708937581000043], [87.93606545800003, 26.707510269000068], [87.93556102000008, 26.70581889300007], [87.93687589600006, 26.70359883200007], [87.93580758300004, 26.70254970600007], [87.93848752000008, 26.700214456000026], [87.93716052000008, 26.699316018000047], [87.93901545800009, 26.696643206000033], [87.93631427000008, 26.695151456000076], [87.93859852100007, 26.69229308100006], [87.93644783300005, 26.688434956000037], [87.93748602100004, 26.686056394000047], [87.94004864500005, 26.685303831000056], [87.94123595800005, 26.684113456000034], [87.94316145800008, 26.680445018000057], [87.94390439600005, 26.677696019000052], [87.94796989600007, 26.67022439400006], [87.94896277100008, 26.669242956000062], [87.94904064600007, 26.664386206000074], [87.94809702000003, 26.66364783100005], [87.94727014600005, 26.661076268000045], [87.94436764500006, 26.65807626900005], [87.94231439600009, 26.653942268000037], [87.94208295800007, 26.652601081000057], [87.94419302100005, 26.652266643000075], [87.94821645800005, 26.65067601900006], [87.94759739600005, 26.64717339400005], [87.94740933300005, 26.643329394000034], [87.94790695800003, 26.64041276900008], [87.95511089500008, 26.64047064400006], [87.95760533300006, 26.64245095600006], [87.95857677000004, 26.644051081000043], [87.96105933300004, 26.644221643000037], [87.96720245800003, 26.642783144000077], [87.96927120800007, 26.64844895600004], [87.97176602000008, 26.652861518000066], [87.97556683300007, 26.652975456000036], [87.97799608300005, 26.652532268000073], [87.99495539600008, 26.652667331000032], [87.99649445800009, 26.65341476900005], [88.00141595800005, 26.654517518000034], [88.00314164600007, 26.653548519000026], [88.00470652100006, 26.65070770600005], [88.00728658300005, 26.648789393000072], [88.00720845700005, 26.647260018000054], [88.00823402100008, 26.64607926800005], [88.01253745800005, 26.64839101800004], [88.01542477000004, 26.649013581000077], [88.02340827000006, 26.648987893000026], [88.03348583300004, 26.64948139300003], [88.03342789500005, 26.652252893000025], [88.03441827000006, 26.65345976900005], [88.03678864600005, 26.654652018000036], [88.04017920800004, 26.655638081000063], [88.04195058300007, 26.657726081000078], [88.04111477100008, 26.659099644000037], [88.04242027100008, 26.66131964400006], [88.04123739500005, 26.66368414300007], [88.04283858300005, 26.666443456000025], [88.04382383300003, 26.66961570600006], [88.04335402000004, 26.674712206000038], [88.04515508300005, 26.67643651900005], [88.04474420800005, 26.677868019000073], [88.04548058300009, 26.679760331000068], [88.04382464600008, 26.683362706000025], [88.04366452000005, 26.68584608100008], [88.04225995800005, 26.685822581000025], [88.04086627000004, 26.688166081000077], [88.04030770800006, 26.693951456000036], [88.04053058300008, 26.69635758100003], [88.03983539500007, 26.699621144000048], [88.04063439600003, 26.70149501900005], [88.03945495800008, 26.70372633100004], [88.03741177000006, 26.704027893000045], [88.03643933300003, 26.702631331000077], [88.03190595800004, 26.703384269000026], [88.02679314500006, 26.705167956000025], [88.01849070800006, 26.706773519000023], [88.01618739600008, 26.708067206000067], [88.01272002000007, 26.70815295600005], [88.00956958300009, 26.708987768000043], [88.00631608300006, 26.70875133100003], [88.00408064600003, 26.70928170600007], [88.00069902100006, 26.709194956000033], [87.99967177000008, 26.710542643000053], [87.99526370800004, 26.712624831000028], [87.99617683300005, 26.71425670600007], [88.00052308300008, 26.718091644000026], [88.00262133300004, 26.720601894000026], [88.00390995800007, 26.723551143000066], [88.00813027100008, 26.727865144000077], [88.00984977000007, 26.729132394000032], [88.01654264500007, 26.73186464400004], [88.01933958300003, 26.734581769000044], [88.02199558300003, 26.74050195600006], [88.02362320800006, 26.742909206000036], [88.02489127100006, 26.747322893000046], [88.02525120800004, 26.750811206000037], [88.02846114600004, 26.75466014400007], [88.02995989600004, 26.757655019000026], [88.03228852100005, 26.76046326900007], [88.03151433300008, 26.763670956000055]]]}, "properties": {"code": "arjundhara_municipality", "name": "Arjundhara Municipality", "type": "Nagarpalika"}}, {"type": "Feature", "geometry": {"type": "Polygon", "coordinates": [[[87.94363164500004, 26.600061206000078], [87.94236270800008, 26.599604769000052], [87.93707508300008, 26.601350143000047], [87.93400689600008, 26.60151926800006], [87.92889558200005, 26.602902206000067], [87.92318608300008, 26.602018644000054], [87.92380533300008, 26.606676831000073], [87.91965345800008, 26.60556639400005], [87.91630364600007, 26.603645018000066], [87.91366264600003, 26.602693894000026], [87.91098502000006, 26.603771706000032], [87.90553633300004, 26.605234893000045], [87.90300045800007, 26.604323518000058], [87.90152270800007, 26.60491739400004], [87.89460133300008, 26.605482331000076], [87.89390783300007, 26.60855345600004], [87.89024602000006, 26.605288518000066], [87.88971420800004, 26.604131894000034], [87.89023870800008, 26.601016706000053], [87.89185314500008, 26.602263581000045], [87.89416970800005, 26.60114776900008], [87.89404570800008, 26.59980358100006], [87.89537902000006, 26.59896026800004], [87.89421964600007, 26.59723895600007], [87.89621633300004, 26.59502614400003], [87.89713995700004, 26.595652206000068], [87.89868358300004, 26.59377620600003], [87.89794764500004, 26.590989394000076], [87.89671952100008, 26.589534831000037], [87.89716295800008, 26.586207956000067], [87.89990533300005, 26.586226768000074], [87.90016714500007, 26.58351039400003], [87.89936864500004, 26.58082101800005], [87.89968358300007, 26.57776345600007], [87.90589620700007, 26.57641301900003], [87.90593939600006, 26.575286643000027], [87.90434883300009, 26.570729269000026], [87.90527827100004, 26.568848081000056], [87.90534370800003, 26.56655495600006], [87.90395139500004, 26.564948018000052], [87.90429120800007, 26.557318331000033], [87.90364914600008, 26.554325581000057], [87.90179545700005, 26.55080789400006], [87.90172283300006, 26.547299269000064], [87.90284133300008, 26.54265926900007], [87.90461352100004, 26.538992206000046], [87.90475495800007, 26.536238206000064], [87.90545752000008, 26.53504220600007], [87.90960314500006, 26.532447768000054], [87.91021058300004, 26.53073333100008], [87.90939195800007, 26.52825170600005], [87.90550308300004, 26.526622331000056], [87.90287127100004, 26.522599581000065], [87.90383302100008, 26.519111456000076], [87.90412477100006, 26.516245893000075], [87.90682258300006, 26.513915643000075], [87.90938802100004, 26.512863519000064], [87.91219158200005, 26.512601893000067], [87.91324377000007, 26.511947519000046], [87.91554995800004, 26.509055456000056], [87.91757833300005, 26.507442456000035], [87.91793183300007, 26.50576576800006], [87.91689920800007, 26.503181706000078], [87.91353783200003, 26.50052239400003], [87.91359702000005, 26.49651414400006], [87.91119889500004, 26.492329831000063], [87.91058533300009, 26.489503830000046], [87.91256102100004, 26.486167143000046], [87.91206939500006, 26.48448908100005], [87.90983314500005, 26.48275439300005], [87.91012877000009, 26.48104645600006], [87.90830464600003, 26.47836814300007], [87.90964477000006, 26.475229581000065], [87.90983864500004, 26.470784956000045], [87.91123908300005, 26.46895033100003], [87.91535152100005, 26.466353706000064], [87.91833320700005, 26.466548956000054], [87.92193539600004, 26.465397393000046], [87.92374233300006, 26.463711268000054], [87.92573939500005, 26.46041264300004], [87.92410270800008, 26.457424081000056], [87.92117570800008, 26.45484558100003], [87.92040214600007, 26.452629956000067], [87.92096670800004, 26.450168768000026], [87.92467820800005, 26.447630894000042], [87.92949664500009, 26.448398518000033], [87.93571245800007, 26.448576769000056], [87.93881308300007, 26.44811870600006], [87.93934870800007, 26.446770206000053], [87.94187633300004, 26.446451143000047], [87.94306339500008, 26.447686831000055], [87.94596277000005, 26.448132456000053], [87.94974858300003, 26.448012643000027], [87.95051258300003, 26.44946076800005], [87.95060783300005, 26.451820644000065], [87.94972352000008, 26.452521581000042], [87.94557539500005, 26.45266645600003], [87.94428983300008, 26.455195581000055], [87.94206464500007, 26.457505393000076], [87.94277770800005, 26.459854394000047], [87.94468933300004, 26.459602519000043], [87.94545752000005, 26.461258455000063], [87.94777020800007, 26.46228564300003], [87.94887445800003, 26.463632269000072], [87.94569795800004, 26.464741081000057], [87.94691995800008, 26.466928706000033], [87.94700933300004, 26.468728956000064], [87.94887464500005, 26.468170456000053], [87.95048608300004, 26.46912558100007], [87.95124127100007, 26.471239581000077], [87.95379470800003, 26.47254720600006], [87.95490539500008, 26.474198456000067], [87.95432233200006, 26.47510270600003], [87.95163802000008, 26.475041644000044], [87.95187108300007, 26.476396393000073], [87.95353839500007, 26.47681626900004], [87.95326683300004, 26.47861889400008], [87.95703370800004, 26.47843795600005], [87.95882795700004, 26.48025158100006], [87.95640333300008, 26.48188814300005], [87.95780133300008, 26.484223456000052], [87.95643608300009, 26.485541456000078], [87.95657670800006, 26.48783558100007], [87.95586677000006, 26.49023683100006], [87.95662458300006, 26.491048706000072], [87.95900802100005, 26.491001081000036], [87.96041108300005, 26.492417894000027], [87.96005845800005, 26.49443089300007], [87.96102377000005, 26.49642608100004], [87.96123039500009, 26.498952144000043], [87.95956227100004, 26.500136831000077], [87.96071527000004, 26.50185314400005], [87.96271045800006, 26.50289808100007], [87.96239352000003, 26.504820644000063], [87.96679033300006, 26.507794518000026], [87.96831564600006, 26.50797370600003], [87.97168002100005, 26.510588831000064], [87.97394577100005, 26.510893831000033], [87.97482052100008, 26.51274058100006], [87.97397552100006, 26.51352714400008], [87.96481402000006, 26.514801206000072], [87.96093183300007, 26.514543081000056], [87.95559739600003, 26.513694331000067], [87.95334545800006, 26.51566364300004], [87.95360902000004, 26.517270894000035], [87.95108270800006, 26.518167831000028], [87.94969627000006, 26.51940695600007], [87.95121870800006, 26.52074626800004], [87.95377170800003, 26.52057351900004], [87.95332833300006, 26.523390518000042], [87.95081983300008, 26.522495581000044], [87.95096302100006, 26.524728706000076], [87.95338233300004, 26.525834143000054], [87.95145570800008, 26.529486956000028], [87.94998395800008, 26.52875883100006], [87.94698764500004, 26.52881039300007], [87.94366077000006, 26.527403956000057], [87.93970802100006, 26.52745939400006], [87.93884908300004, 26.527884768000035], [87.93932633300005, 26.533349518000023], [87.94107420800003, 26.538011518000076], [87.94122777100006, 26.54175433100005], [87.94005708300006, 26.544050268000035], [87.94052583300004, 26.54952858100006], [87.94717270800004, 26.54974401900006], [87.94995720800006, 26.55322558100005], [87.95233639600008, 26.554633643000045], [87.95592489600006, 26.553822018000062], [87.96005133300008, 26.55485714300005], [87.96204139500009, 26.55637826900005], [87.96403708200006, 26.556389581000076], [87.96408808300004, 26.559485331000076], [87.96562283300005, 26.560332456000026], [87.96790783300008, 26.559603894000077], [87.96962033300008, 26.56121476900006], [87.96964558300004, 26.56578201800005], [87.96083383300004, 26.569330456000046], [87.96093939500008, 26.570555081000066], [87.95929633300005, 26.57146883100006], [87.96057977000004, 26.574064331000045], [87.95948633300009, 26.577027831000066], [87.96026627100008, 26.580937893000055], [87.96156045800006, 26.582181581000043], [87.96325364600006, 26.582513144000075], [87.96421908300005, 26.585695268000052], [87.96269952000006, 26.586396019000063], [87.96290820800004, 26.589147706000062], [87.95980414600007, 26.59166670600007], [87.95718920800005, 26.59159408100004], [87.95439177000009, 26.594560081000054], [87.95143945700005, 26.596644581000078], [87.94606627100006, 26.598411206000037], [87.94410977100006, 26.598288831000048], [87.94363164500004, 26.600061206000078]]]}, "properties": {"code": "barhadashi_gaunpalika", "name": "Barhadashi Gaunpalika", "type": "Gaunpalika"}}, {"type": "Feature", "geometry": {"type": "Polygon", "coordinates": [[[88.10799977100004, 26.56061201800003], [88.10785758300005, 26.562138581000056], [88.10971408300009, 26.56508470600005], [88.10955508300003, 26.56752983100006], [88.10712164500006, 26.569703831000027], [88.10686833300008, 26.571154456000045], [88.10490902000004, 26.574498144000074], [88.10299733300008, 26.575817206000067], [88.09880064600009, 26.57604145600004], [88.09841114500006, 26.57815889400007], [88.10013570800004, 26.581408581000062], [88.09975033300003, 26.583239393000042], [88.10115720800007, 26.584823894000067], [88.10105439600005, 26.58633658100007], [88.09726414600004, 26.58987483100003], [88.09413133300006, 26.591889206000076], [88.09243064600008, 26.595318706000057], [88.09288458300006, 26.59652926900003], [88.09131602100007, 26.597818518000054], [88.09132033300006, 26.601054393000027], [88.08952095800004, 26.60203401800004], [88.08993139600005, 26.603359956000077], [88.08761127000008, 26.605155894000063], [88.08541102100008, 26.605768456000078], [88.08496608300004, 26.607430394000062], [88.08297245800009, 26.608598706000066], [88.08098945800003, 26.610628894000058], [88.07955714500008, 26.612894081000036], [88.07748902000003, 26.611282768000024], [88.07691133300006, 26.61332714400004], [88.07510895800004, 26.616240394000044], [88.07222414600005, 26.616571331000046], [88.07019302100008, 26.613792956000054], [88.06771483300008, 26.612426081000024], [88.06443120800003, 26.60919445600007], [88.06427070800004, 26.606972893000034], [88.06560727100003, 26.602197019000073], [88.06073614500008, 26.60174595600006], [88.05857014600008, 26.601109956000073], [88.05637702000007, 26.60223420600005], [88.05231345800007, 26.601348144000042], [88.05068027100003, 26.600640394000038], [88.05063983300005, 26.597519831000056], [88.04658327100003, 26.59613483100003], [88.04775670800007, 26.59316326900006], [88.04734739500003, 26.590458393000063], [88.04767302100004, 26.58845214300004], [88.04943383300008, 26.58720708100003], [88.05224864600007, 26.586852331000046], [88.04925958300004, 26.584004019000076], [88.04920458300006, 26.581822268000053], [88.04817195800007, 26.58108520600007], [88.04521120800007, 26.581188206000036], [88.04470495800007, 26.579404706000048], [88.04186833300008, 26.578168581000057], [88.04110127100006, 26.57529026900005], [88.04187952100006, 26.57441576900004], [88.04398314500008, 26.57474564300003], [88.04677239600005, 26.571807394000075], [88.04421277000006, 26.570594081000024], [88.04503602100004, 26.569626706000065], [88.04734983300006, 26.56865745600004], [88.04711320800004, 26.56733458100007], [88.04542339500006, 26.566338268000038], [88.04589070800006, 26.564947019000044], [88.04848927100005, 26.56342501900008], [88.04989277000004, 26.563572644000033], [88.05112995800005, 26.561920706000024], [88.04847295800005, 26.55860051800005], [88.04881214600005, 26.55720795600007], [88.05111095800004, 26.555778393000026], [88.05072589600007, 26.552901831000042], [88.04888733300004, 26.550433143000078], [88.05210389600006, 26.550332706000063], [88.05248027000005, 26.549303206000047], [88.05108064500007, 26.545919644000037], [88.05246764500004, 26.544212394000056], [88.05117027100005, 26.542610706000062], [88.05298033300005, 26.54107864300005], [88.05433708300006, 26.538410331000023], [88.05235220800006, 26.537201956000047], [88.05505883300003, 26.535430831000042], [88.05725289600008, 26.532216893000054], [88.05669033300006, 26.531329769000024], [88.05328789600009, 26.53106383100004], [88.05348083300004, 26.529399331000036], [88.05565677000004, 26.52907639400007], [88.05567289600003, 26.527889206000054], [88.05279133300007, 26.526899581000066], [88.05179702000004, 26.52487820600004], [88.05203489600007, 26.52304176800004], [88.04922895800007, 26.519659518000026], [88.05077270800007, 26.515766894000024], [88.04909039600005, 26.514274018000037], [88.04870677000008, 26.511187518000042], [88.05138783300004, 26.509701018000044], [88.05340245800005, 26.50755139300003], [88.05559277000003, 26.506510768000055], [88.05724027100007, 26.503246706000027], [88.05660683300005, 26.501441643000078], [88.05484914500005, 26.500001393000048], [88.05337777100004, 26.497554768000043], [88.05406208300008, 26.496274769000024], [88.05664164600006, 26.494633143000044], [88.05743527100003, 26.492282643000067], [88.05945958300003, 26.491234144000032], [88.06123495800006, 26.487928518000047], [88.06255827000007, 26.486476706000076], [88.06294727100004, 26.484257831000036], [88.05312089600005, 26.48464208100006], [88.05109395800008, 26.48125626800004], [88.04912589600008, 26.47916758100007], [88.04900689600004, 26.477044956000043], [88.05011870800007, 26.475421081000036], [88.04757420800007, 26.474040643000023], [88.04847295800005, 26.47235964400005], [88.04590908300008, 26.47063408100007], [88.04468270800004, 26.46908370600005], [88.04195958300005, 26.469846019000045], [88.03954627000007, 26.468116956000074], [88.03936714500009, 26.465132768000046], [88.03859039500009, 26.46302839300006], [88.03652758300007, 26.458839331000036], [88.03366870800005, 26.456382268000027], [88.04242139600007, 26.455215206000048], [88.04594439600004, 26.45623426800006], [88.04770902000007, 26.456047581000064], [88.05056108300005, 26.454406393000056], [88.05072683300006, 26.455822331000036], [88.05417939500006, 26.458868143000075], [88.05498058300003, 26.460455393000075], [88.05764977100006, 26.46246889300005], [88.05962783300004, 26.461973581000052], [88.05985702100008, 26.457709081000075], [88.05967689500005, 26.447684268000046], [88.06290645800004, 26.44761289300004], [88.06312389600004, 26.439482893000047], [88.06412464500005, 26.43879395500005], [88.07277127000003, 26.438806018000037], [88.07307733300007, 26.436052893000067], [88.07879102100009, 26.436213018000046], [88.08236070800007, 26.436025769000025], [88.08715820900005, 26.436321081000074], [88.09115408300005, 26.43394601800003], [88.09737177000005, 26.437443581000025], [88.09840039500006, 26.43924776800003], [88.09898602000004, 26.443108831000075], [88.09899183300007, 26.44616645600007], [88.09961314600008, 26.45034320600007], [88.09948220800004, 26.45193964400005], [88.09821845800008, 26.455679518000068], [88.09523883300005, 26.460725581000077], [88.09448002000005, 26.462744331000067], [88.09673033300004, 26.464530081000078], [88.10362789500005, 26.464585268000064], [88.10576133300003, 26.46553908100003], [88.10618539600006, 26.46786464300004], [88.10408114600006, 26.469650081000054], [88.10200008300006, 26.470386018000056], [88.10165339600007, 26.47242414400006], [88.10478670800006, 26.471334831000036], [88.10746420800007, 26.471864706000076], [88.10924614500004, 26.47308295600004], [88.10983839600004, 26.47489495600007], [88.10928870800007, 26.476539769000055], [88.10768120800003, 26.47750676800007], [88.10425920800003, 26.478320831000076], [88.10283027100007, 26.480069456000024], [88.10365195800006, 26.48346601800006], [88.10700758300004, 26.486567706000073], [88.10833395800006, 26.489159268000037], [88.10569683300008, 26.49052464400006], [88.10571395800008, 26.49224626800003], [88.10311320800008, 26.493615831000056], [88.10224502000005, 26.496402706000026], [88.10304658300004, 26.498271706000025], [88.10195170800006, 26.50069020600006], [88.10129345800004, 26.50544089400006], [88.10064489500007, 26.50581151800003], [88.09697014500006, 26.504271456000026], [88.09507033300008, 26.504356018000067], [88.09355227000003, 26.505550081000024], [88.09305145800005, 26.507492331000037], [88.09469670800007, 26.508662206000054], [88.09828102000006, 26.50998183100006], [88.09920439600006, 26.51106920600006], [88.09890039500004, 26.512660143000062], [88.09731120800006, 26.51495833100006], [88.09925995800006, 26.516969706000054], [88.10515777000006, 26.517928331000064], [88.10569070800005, 26.518569581000065], [88.10752945800004, 26.527658393000024], [88.10560802000003, 26.529841831000056], [88.10543870800007, 26.531743206000044], [88.10639139500006, 26.534682893000024], [88.10525795800004, 26.53624420600005], [88.10352145800005, 26.53470289300003], [88.10163858300007, 26.534503081000025], [88.10065102000004, 26.536047456000063], [88.10186920800004, 26.538490956000032], [88.10426014500007, 26.539530769000066], [88.10639639600004, 26.53939008100008], [88.10960758300007, 26.541055331000052], [88.11160283300006, 26.543262519000052], [88.11410539500008, 26.54486995600007], [88.11303964500007, 26.54733570600007], [88.11011402100007, 26.55020176800008], [88.10799695800006, 26.550403268000025], [88.10799977100004, 26.56061201800003]]]}, "properties": {"code": "bhadrapur_municipality", "name": "Bhadrapur Municipality", "type": "Nagarpalika"}}, {"type": "Feature", "geometry": {"type": "Polygon", "coordinates": [[[88.03348583300004, 26.64948139300003], [88.02340827000006, 26.648987893000026], [88.01542477000004, 26.649013581000077], [88.01253745800005, 26.64839101800004], [88.00823402100008, 26.64607926800005], [88.00720845700005, 26.647260018000054], [88.00728658300005, 26.648789393000072], [88.00470652100006, 26.65070770600005], [88.00314164600007, 26.653548519000026], [88.00141595800005, 26.654517518000034], [87.99649445800009, 26.65341476900005], [87.99495539600008, 26.652667331000032], [87.97799608300005, 26.652532268000073], [87.97556683300007, 26.652975456000036], [87.97176602000008, 26.652861518000066], [87.96927120800007, 26.64844895600004], [87.96720245800003, 26.642783144000077], [87.96105933300004, 26.644221643000037], [87.95857677000004, 26.644051081000043], [87.95760533300006, 26.64245095600006], [87.95511089500008, 26.64047064400006], [87.95514302100008, 26.638597393000055], [87.95726270800003, 26.63772789400008], [87.95851020800006, 26.635625393000055], [87.95690920800007, 26.63357814400007], [87.95479058300003, 26.63320645600004], [87.95271152100008, 26.631785206000075], [87.95190545800006, 26.63041633100005], [87.95243714600008, 26.629124269000044], [87.95431658300004, 26.62867158100005], [87.95420070800003, 26.626664018000042], [87.95242058200006, 26.625012768000033], [87.95212270800005, 26.61974108100003], [87.95291214500008, 26.618431457000042], [87.94999945800004, 26.616961581000055], [87.94806420700007, 26.614433519000045], [87.94818395800007, 26.611223831000075], [87.94734639500007, 26.609207456000036], [87.94404514600006, 26.609297081000022], [87.94285658300004, 26.606644394000057], [87.94358627000008, 26.60386389300004], [87.94314970800008, 26.602061519000074], [87.94363164500004, 26.600061206000078], [87.94410977100006, 26.598288831000048], [87.94606627100006, 26.598411206000037], [87.95143945700005, 26.596644581000078], [87.95439177000009, 26.594560081000054], [87.95718920800005, 26.59159408100004], [87.95980414600007, 26.59166670600007], [87.96290820800004, 26.589147706000062], [87.96269952000006, 26.586396019000063], [87.96421908300005, 26.585695268000052], [87.96325364600006, 26.582513144000075], [87.96156045800006, 26.582181581000043], [87.96026627100008, 26.580937893000055], [87.95948633300009, 26.577027831000066], [87.96057977000004, 26.574064331000045], [87.95929633300005, 26.57146883100006], [87.96093939500008, 26.570555081000066], [87.96083383300004, 26.569330456000046], [87.96964558300004, 26.56578201800005], [87.96962033300008, 26.56121476900006], [87.96790783300008, 26.559603894000077], [87.96969145700007, 26.558409268000048], [87.96932877100005, 26.556091956000046], [87.96803858300007, 26.55343558100003], [87.97216133200004, 26.554456893000065], [87.97954852100008, 26.55833958100004], [87.98485714500003, 26.55738001900005], [87.99173939500008, 26.55755345600005], [87.99819883300006, 26.55989358100004], [87.99861252000005, 26.563984206000043], [87.99926914600007, 26.565254581000033], [87.99885670800006, 26.568051206000064], [87.99876983300004, 26.57394608100003], [87.99919845700003, 26.577215143000046], [87.99881827000007, 26.58054633100005], [87.99927270800003, 26.58244320600005], [88.00098127000007, 26.58315108100004], [88.00302564600008, 26.581507393000038], [88.00797977100007, 26.580156831000068], [88.00976245800007, 26.57751526900006], [88.01196789600004, 26.57793739400006], [88.01363895800006, 26.581513581000024], [88.01601964600007, 26.58159358100005], [88.02138083300008, 26.580038768000065], [88.02562839500007, 26.58048214400003], [88.02937745800006, 26.57858433100006], [88.03165789500008, 26.578260956000065], [88.03245814500008, 26.574364768000066], [88.03493464600007, 26.57373751800003], [88.03589145800004, 26.572272831000078], [88.03864189500007, 26.57176308100003], [88.04028089500008, 26.57018958100008], [88.04250714500006, 26.569236769000042], [88.04503602100004, 26.569626706000065], [88.04421277000006, 26.570594081000024], [88.04677239600005, 26.571807394000075], [88.04398314500008, 26.57474564300003], [88.04187952100006, 26.57441576900004], [88.04110127100006, 26.57529026900005], [88.04186833300008, 26.578168581000057], [88.04470495800007, 26.579404706000048], [88.04521120800007, 26.581188206000036], [88.04817195800007, 26.58108520600007], [88.04920458300006, 26.581822268000053], [88.04925958300004, 26.584004019000076], [88.05224864600007, 26.586852331000046], [88.04943383300008, 26.58720708100003], [88.04767302100004, 26.58845214300004], [88.04734739500003, 26.590458393000063], [88.04775670800007, 26.59316326900006], [88.04658327100003, 26.59613483100003], [88.05063983300005, 26.597519831000056], [88.05068027100003, 26.600640394000038], [88.05231345800007, 26.601348144000042], [88.05074245800006, 26.602287206000028], [88.05089170800005, 26.603782206000062], [88.04867264600006, 26.603737644000034], [88.04889927000005, 26.605807519000052], [88.04760439600005, 26.606825769000068], [88.04712864600003, 26.608754144000045], [88.04504533300008, 26.608175956000025], [88.04362483300008, 26.608982956000034], [88.04417727000003, 26.610653331000037], [88.03993083300008, 26.612541581000073], [88.04048752100005, 26.615245393000066], [88.03932252000004, 26.617876081000077], [88.03608377100005, 26.621289081000043], [88.03667127000006, 26.623304456000028], [88.03544714600008, 26.624134769000023], [88.03494545800004, 26.62669289300004], [88.03742027100003, 26.629301518000034], [88.03564258300008, 26.63216226800006], [88.03690058300003, 26.63480233100006], [88.03570439500004, 26.636230456000078], [88.03602864600003, 26.638983332000066], [88.03554720800008, 26.641561643000045], [88.03725214600007, 26.643975019000038], [88.03613933300005, 26.645612394000068], [88.03640133300007, 26.648135581000076], [88.03442677000004, 26.648204143000044], [88.03348583300004, 26.64948139300003]]]}, "properties": {"code": "birtamod_municipality", "name": "Birtamod Municipality", "type": "Nagarpalika"}}, {"type": "Feature", "geometry": {"type": "Polygon", "coordinates": [[[88.11415052100006, 26.745573269000033], [88.11282620900005, 26.746752456000024], [88.11001508300006, 26.74646089400005], [88.10719814600003, 26.748150519000035], [88.10490089500007, 26.75095520600007], [88.10507802000006, 26.75250408100004], [88.10347727100003, 26.75332889300006], [88.10149352100007, 26.756537269000034], [88.10177258300007, 26.75843283100005], [88.09928070800004, 26.76148495700005], [88.09881077100005, 26.763982019000025], [88.09966795800005, 26.76548051900005], [88.09877708300007, 26.76766945600008], [88.09980183300007, 26.769399019000048], [88.09917477300007, 26.77296715400007], [88.09773927100008, 26.77438833100007], [88.10088677100003, 26.776252644000067], [88.10038877000005, 26.77727870600006], [88.09795495800006, 26.77871014400006], [88.09705764500006, 26.78168214300007], [88.09777658300004, 26.784346019000054], [88.09539533300006, 26.784707456000035], [88.09542427000008, 26.786216831000047], [88.09685258300004, 26.78793201800005], [88.09500877100004, 26.789882331000058], [88.09601152100004, 26.791727206000076], [88.09935689600007, 26.79497545600003], [88.09761764500007, 26.799174769000047], [88.09534789500003, 26.801108019000026], [88.09205295800007, 26.799199644000055], [88.09237814600004, 26.79627276900004], [88.08948295800008, 26.79479001900006], [88.08853902100003, 26.791389956000046], [88.08742564500005, 26.79006039400008], [88.08535158300003, 26.78923914300003], [88.08354139600004, 26.787540269000033], [88.07968827100007, 26.782979956000077], [88.07839720800007, 26.786771706000025], [88.07736245800004, 26.788160581000056], [88.07539702100007, 26.78885245600003], [88.07263258300009, 26.79074408100007], [88.07015620800007, 26.79145101900008], [88.07019770800008, 26.78930920600004], [88.06915833300008, 26.786661206000076], [88.06762245800007, 26.78475701900004], [88.06791120800006, 26.78343926900004], [88.06639002000009, 26.780005019000043], [88.06620333300003, 26.777251206000074], [88.06404583300008, 26.773505831000023], [88.06342639500008, 26.77151120600007], [88.06450483300006, 26.76995289300004], [88.06327077100008, 26.765394956000023], [88.06183102000006, 26.764597894000076], [88.06069214600006, 26.76120583200003], [88.06056527000004, 26.75891189400005], [88.05909502000009, 26.75677689400004], [88.05835083300008, 26.754458206000038], [88.05311852100004, 26.75193151800005], [88.04957095800006, 26.748620394000056], [88.04862452100008, 26.745664581000028], [88.04710358300008, 26.747968456000024], [88.04799233300008, 26.749494081000023], [88.04706508300006, 26.750694644000077], [88.04730395800004, 26.752416831000062], [88.04453227000005, 26.755185769000036], [88.04383327000005, 26.757034519000058], [88.04244389500008, 26.75765395600007], [88.04119320800004, 26.759443581000028], [88.03842833300007, 26.75995583100007], [88.03866314600003, 26.762005269000042], [88.03777414600006, 26.763968206000072], [88.03428570800008, 26.76468645600005], [88.03151433300008, 26.763670956000055], [88.03228852100005, 26.76046326900007], [88.02995989600004, 26.757655019000026], [88.02846114600004, 26.75466014400007], [88.02525120800004, 26.750811206000037], [88.02489127100006, 26.747322893000046], [88.02362320800006, 26.742909206000036], [88.02199558300003, 26.74050195600006], [88.01933958300003, 26.734581769000044], [88.01654264500007, 26.73186464400004], [88.00984977000007, 26.729132394000032], [88.00813027100008, 26.727865144000077], [88.00390995800007, 26.723551143000066], [88.00262133300004, 26.720601894000026], [88.00052308300008, 26.718091644000026], [87.99617683300005, 26.71425670600007], [87.99526370800004, 26.712624831000028], [87.99967177000008, 26.710542643000053], [88.00069902100006, 26.709194956000033], [88.00408064600003, 26.70928170600007], [88.00631608300006, 26.70875133100003], [88.00956958300009, 26.708987768000043], [88.01272002000007, 26.70815295600005], [88.01618739600008, 26.708067206000067], [88.01849070800006, 26.706773519000023], [88.02679314500006, 26.705167956000025], [88.03190595800004, 26.703384269000026], [88.03643933300003, 26.702631331000077], [88.03741177000006, 26.704027893000045], [88.03945495800008, 26.70372633100004], [88.04063439600003, 26.70149501900005], [88.03983539500007, 26.699621144000048], [88.04053058300008, 26.69635758100003], [88.04030770800006, 26.693951456000036], [88.04086627000004, 26.688166081000077], [88.04225995800005, 26.685822581000025], [88.04366452000005, 26.68584608100008], [88.04626127100005, 26.685892456000033], [88.05080383300003, 26.684035581000046], [88.05144158300004, 26.68892758100003], [88.05415852100003, 26.69069245600008], [88.05688177100006, 26.69102645600003], [88.06169420800006, 26.690773893000028], [88.06463702000008, 26.689657456000077], [88.06702114500007, 26.68958989300006], [88.06945289600003, 26.68830339400006], [88.07430870800005, 26.687596581000037], [88.07737683300007, 26.686808394000025], [88.08104377000006, 26.685316019000027], [88.08372639500004, 26.68507889400007], [88.08339177100004, 26.688816081000027], [88.08604133400007, 26.69124639300003], [88.08607877100007, 26.692354081000076], [88.08133495800007, 26.697336644000075], [88.08102889600008, 26.69932020600004], [88.07873083300007, 26.704270519000033], [88.07902189600009, 26.705895268000063], [88.08141970800006, 26.707774769000025], [88.08266783300007, 26.709895456000027], [88.08390995800005, 26.71376714400003], [88.08225108300007, 26.71923389400007], [88.08355783300004, 26.722953956000026], [88.08987589500003, 26.725047018000055], [88.09501502000006, 26.723075831000074], [88.09671539600004, 26.724166143000048], [88.09803895800007, 26.723293956000077], [88.09938645800008, 26.718842643000073], [88.10117639600008, 26.716509081000027], [88.10205227000006, 26.71397945600006], [88.10661114500004, 26.708401956000046], [88.10756120800005, 26.70531214400006], [88.10818789500007, 26.698609831000056], [88.10869027000007, 26.69580558100006], [88.10877089500008, 26.69219676800003], [88.10935802100005, 26.68939183200007], [88.11186227100006, 26.685791143000074], [88.11438108300007, 26.683374956000023], [88.11579508300008, 26.68108926900004], [88.11822745800004, 26.679034768000065], [88.11961220800004, 26.68289826800003], [88.12140045900009, 26.691458956000076], [88.12217933300008, 26.693066268000052], [88.12330408300005, 26.69805326900007], [88.12534439500007, 26.702356144000078], [88.12531914600004, 26.70457901900005], [88.12606458300007, 26.71031139300004], [88.12532658300006, 26.71160795700007], [88.11980702000005, 26.71219770600004], [88.11875814500007, 26.716457269000045], [88.11716095800006, 26.718164519000027], [88.11705120900007, 26.720505394000043], [88.11821870800009, 26.721748581000043], [88.11970808300003, 26.720897394000076], [88.12009483300005, 26.71850014300003], [88.12364677100004, 26.71716101900006], [88.12478864600007, 26.721484519000057], [88.12495327000005, 26.72506426800004], [88.12454639600008, 26.726814081000043], [88.12207439500008, 26.73042151900006], [88.12164152000008, 26.735350894000078], [88.12046445800007, 26.740200394000055], [88.11922852100008, 26.74187095600007], [88.11639927000004, 26.742015081000034], [88.11518089600008, 26.743173331000037], [88.11415052100006, 26.745573269000033]]]}, "properties": {"code": "buddhashanti_gaunpalika", "name": "Buddhashanti Gaunpalika", "type": "Gaunpalika"}}, {"type": "Feature", "geometry": {"type": "Polygon", "coordinates": [[[87.71122139500005, 26.694232331000023], [87.70909833300004, 26.696664394000038], [87.70718639500006, 26.70105183100003], [87.70777727000007, 26.703964518000078], [87.70922295700007, 26.70623658100004], [87.71021308200005, 26.70949476800007], [87.70942583300007, 26.712012644000026], [87.70780145800006, 26.715193644000067], [87.70677927000008, 26.719775269000024], [87.70498020800005, 26.725419143000067], [87.70369602100004, 26.728393019000066], [87.70418177000005, 26.73115051900004], [87.70243320700007, 26.733621206000066], [87.70064320800003, 26.733645893000073], [87.69961808300008, 26.736160331000065], [87.69638802000009, 26.739924581000025], [87.69363777000007, 26.744920769000032], [87.68974008300006, 26.749663019000025], [87.68758158300005, 26.748019269000054], [87.68650995800004, 26.746424581000042], [87.68433095700004, 26.740071268000065], [87.68441545800005, 26.735399581000024], [87.68358189500003, 26.73334320600003], [87.68088708300007, 26.729878643000063], [87.67773983300003, 26.72702320600007], [87.67064789500006, 26.72237883100007], [87.66231439600006, 26.718906581000056], [87.65781314600008, 26.715880956000035], [87.65659627000008, 26.710644331000026], [87.65659395800003, 26.70706520600004], [87.65592214500003, 26.704608519000033], [87.65583045800008, 26.698023956000043], [87.65440389500003, 26.69471995600003], [87.65521270800008, 26.692813831000024], [87.65372483300007, 26.689318206000053], [87.65541970800007, 26.686058581000054], [87.65518208300006, 26.684601831000066], [87.65289252000008, 26.68247751800004], [87.65235252000008, 26.67973808100004], [87.65081833300007, 26.676664768000023], [87.64932820800004, 26.67525664300007], [87.64810227000004, 26.67302808100004], [87.64785470800007, 26.668892706000065], [87.64516114600008, 26.66697770600007], [87.64483170700004, 26.66412220600006], [87.64525595800006, 26.66217276800006], [87.64497283300005, 26.658953706000034], [87.64430808200007, 26.657647831000077], [87.64404739500009, 26.65427526900004], [87.64427939500007, 26.650523518000057], [87.64639489500007, 26.64720783100006], [87.64669752000003, 26.644760207000047], [87.65002720800004, 26.64300508100007], [87.65240689500007, 26.638830582000026], [87.65254583200004, 26.63775795600003], [87.65505514500006, 26.635327269000072], [87.65650039600007, 26.633136081000032], [87.65671120800005, 26.62938220600006], [87.65566695800004, 26.625925206000034], [87.65756889600004, 26.621405268000046], [87.65708820800006, 26.61736114400003], [87.65796783200005, 26.615533706000065], [87.65708889500007, 26.61364658100007], [87.65435295700007, 26.611240018000046], [87.65070533300008, 26.60888039400004], [87.64945108200004, 26.60662489400005], [87.65099995800006, 26.604155769000045], [87.64902527000004, 26.599457206000068], [87.64599927000006, 26.59795901800004], [87.64390777000006, 26.59756451800007], [87.64186639500008, 26.597937081000055], [87.64073195800006, 26.59617514300004], [87.64113420700005, 26.59380383100006], [87.64071352000008, 26.59241770600005], [87.64157558200003, 26.589227393000044], [87.64949677000004, 26.593156581000073], [87.65112795700009, 26.594388081000034], [87.65216277000007, 26.598255831000074], [87.65386608300008, 26.599024331000066], [87.65808533300003, 26.59779301800006], [87.66150827000007, 26.59844745600003], [87.66439433200009, 26.599478893000025], [87.66460558200004, 26.60074389400006], [87.66676620800007, 26.60209233100005], [87.66810489500006, 26.600903518000052], [87.67086364500005, 26.602377706000027], [87.67307952000004, 26.60575908100003], [87.67886227000008, 26.610585831000037], [87.67985308300007, 26.61478989400007], [87.68165883300009, 26.617304269000044], [87.68246445700004, 26.623592081000027], [87.68410714500004, 26.626118519000045], [87.68419802000005, 26.62934514400007], [87.68537970700004, 26.63380545600006], [87.68819127000006, 26.63710020600007], [87.69194039500007, 26.640198518000034], [87.69470345700006, 26.64402820600003], [87.70117683300003, 26.646945956000025], [87.70665964600005, 26.650976331000038], [87.71244758200004, 26.65765883100005], [87.71504270800006, 26.664898769000047], [87.71727089500007, 26.669143706000057], [87.71840645800006, 26.674486331000026], [87.71936745700003, 26.67610176900007], [87.71529233200005, 26.683070644000054], [87.71449677000004, 26.686527394000052], [87.71122139500005, 26.694232331000023]]]}, "properties": {"code": "damak_municipality", "name": "Damak Municipality", "type": "Nagarpalika"}}, {"type": "Feature", "geometry": {"type": "Polygon", "coordinates": [[[87.78723377000006, 26.521560581000074], [87.78538658300005, 26.52467376900006], [87.78582633300005, 26.52891614300006], [87.78412320800004, 26.530083268000055], [87.78386633300005, 26.533727018000036], [87.78051227000003, 26.53378826900007], [87.77746220700004, 26.535217644000056], [87.77637739600004, 26.536846143000048], [87.77682227000008, 26.537895331000072], [87.77449745700005, 26.53871814400003], [87.77444064500008, 26.541645394000057], [87.77343064500008, 26.543510393000076], [87.77116239600008, 26.543989831000033], [87.76398502000006, 26.54363358100005], [87.76060764500005, 26.543730581000034], [87.75732652000005, 26.542527206000045], [87.75465514500007, 26.542475893000073], [87.75322964600008, 26.543099519000066], [87.74937808300007, 26.54348995600003], [87.74363327000003, 26.542809143000056], [87.74115958200008, 26.543936831000053], [87.74170864600006, 26.546599206000053], [87.74470120800004, 26.548668769000074], [87.74444239500008, 26.550270144000024], [87.74309327000003, 26.55255870600007], [87.74526733300007, 26.552897144000042], [87.74801914500006, 26.55805739400006], [87.74686652000008, 26.559968018000063], [87.74374408300008, 26.560665956000037], [87.74037995800006, 26.563190706000057], [87.74070427000004, 26.565335143000027], [87.73663833200004, 26.56676214400005], [87.73379914500003, 26.568227893000028], [87.73401802000006, 26.570370581000077], [87.72934883200008, 26.577451331000077], [87.72788577000006, 26.57758295600007], [87.72671027100006, 26.579534206000062], [87.72701864500004, 26.58137189300004], [87.72564827000008, 26.58228833100003], [87.72544089500008, 26.584825894000062], [87.72338108200006, 26.586779394000075], [87.72232033200004, 26.586936019000063], [87.72142589500004, 26.588811331000045], [87.72295283300008, 26.590130518000024], [87.72011345800007, 26.597592081000073], [87.72059558200004, 26.599320456000044], [87.72207370800004, 26.59973958100005], [87.72513664500008, 26.60325795600005], [87.72602777000003, 26.605927644000076], [87.72497808300005, 26.60658289400004], [87.72621752000003, 26.608740769000065], [87.72529727000006, 26.609226143000058], [87.72620127000005, 26.613825206000058], [87.72833245800007, 26.615937831000053], [87.72639745800006, 26.617556769000032], [87.72327277000005, 26.61795858100004], [87.72160727000005, 26.620022893000055], [87.72363395800005, 26.623375081000063], [87.72303720700006, 26.62550620600007], [87.72348964600008, 26.626885018000053], [87.72101639500005, 26.62789051900006], [87.71865752100007, 26.628134894000027], [87.71409308300008, 26.626219331000073], [87.71415520800008, 26.62308445700006], [87.71608964500007, 26.62284008100005], [87.71605633300004, 26.62092883100007], [87.71497858300006, 26.61659233100005], [87.71224014500007, 26.616730206000057], [87.70936277000004, 26.61621658200005], [87.70841570800008, 26.614406831000053], [87.70994170800003, 26.611788269000044], [87.70949458300004, 26.607881831000043], [87.70952183300005, 26.60344501900005], [87.70650114500006, 26.602543831000048], [87.70469314600007, 26.601446956000075], [87.70313039500007, 26.60226489400003], [87.70194383300003, 26.600774518000037], [87.70220808300007, 26.598827956000036], [87.70331258300007, 26.59746845600006], [87.70237083300003, 26.596592956000052], [87.70173970800005, 26.592204519000063], [87.70004389500008, 26.590745956000035], [87.69615658200007, 26.590918518000024], [87.69385108200004, 26.589068018000034], [87.69256939500008, 26.589548144000048], [87.68710558200007, 26.59275658100006], [87.68373920700003, 26.59220864400004], [87.68069033300009, 26.590386269000078], [87.67935433300005, 26.590291081000032], [87.67757352000007, 26.58883045600004], [87.67835945800005, 26.58748395600003], [87.67793470700008, 26.58483889400003], [87.67661327000008, 26.582620018000057], [87.67468552000008, 26.582401206000043], [87.67392377000004, 26.583479019000038], [87.67275358300003, 26.58759170600007], [87.66598920700005, 26.585736956000062], [87.66260952000005, 26.58751301800004], [87.65865358300005, 26.590717831000063], [87.65809027000006, 26.592625144000067], [87.65696358300005, 26.592801768000072], [87.65440783300005, 26.591098518000024], [87.65247220700007, 26.589076331000058], [87.65003145800006, 26.588044894000063], [87.64698964500008, 26.587465206000047], [87.64463595800004, 26.583921581000027], [87.64352339600003, 26.582145956000033], [87.63865302000005, 26.580739393000044], [87.63834895800005, 26.579989269000066], [87.64163302000009, 26.577686206000067], [87.64341358300004, 26.57528608100006], [87.64325352000003, 26.571233643000028], [87.64330339500003, 26.562750331000075], [87.64390370800004, 26.557902394000052], [87.64433358300005, 26.556456206000064], [87.64710514600006, 26.55318939400007], [87.64797389500006, 26.55092645600007], [87.64842439500006, 26.54726170600003], [87.64759858300005, 26.543979643000057], [87.64498127000007, 26.54024983100004], [87.64429445800005, 26.53396339300008], [87.64309395800007, 26.529125831000044], [87.64316445800006, 26.52761345600004], [87.64515358300008, 26.52305258100006], [87.64438939500008, 26.516256518000034], [87.64562633300005, 26.509785269000076], [87.64514545800006, 26.507122206000076], [87.64685820800008, 26.503560081000046], [87.64756102000007, 26.49995283100003], [87.65010364500006, 26.498144893000074], [87.65100208300004, 26.496782206000034], [87.65128570700006, 26.49347251900008], [87.65102789500008, 26.490673143000038], [87.65130708300006, 26.48458983100005], [87.65208570800007, 26.48190076800006], [87.65424783200007, 26.477973081000073], [87.66034670700003, 26.47334126900006], [87.66226089500003, 26.471073268000055], [87.66246333300006, 26.46953108100007], [87.66564258300008, 26.470552144000067], [87.66705152000009, 26.47310245600005], [87.67119945700006, 26.473787143000038], [87.67426702000006, 26.473359706000053], [87.67839289600005, 26.471133018000046], [87.67863589500007, 26.46970108100004], [87.68075470800005, 26.46893276800006], [87.68279095700007, 26.469062956000073], [87.68249752100007, 26.47085845600003], [87.68374914500004, 26.47292870600006], [87.68389877100003, 26.474902644000053], [87.68582883300007, 26.476028581000037], [87.68692752000004, 26.48029764300003], [87.68843945800006, 26.482140831000038], [87.68872814500008, 26.483561144000078], [87.68723783200005, 26.484723831000053], [87.68781083300007, 26.485765956000023], [87.69047508200003, 26.48736214300004], [87.68845664600008, 26.488398706000055], [87.68892908200007, 26.49118351800007], [87.68860514500005, 26.49343501900006], [87.68743664500005, 26.49443139300007], [87.68864764600005, 26.496461144000023], [87.69568833300008, 26.496079456000075], [87.69467233300009, 26.49489508100004], [87.69705227100008, 26.491832394000028], [87.69606670700006, 26.49122333100007], [87.69829683200004, 26.489231018000055], [87.70028445800006, 26.486641831000043], [87.70019752000007, 26.48470820600005], [87.69911820800007, 26.48248839400003], [87.70229514500005, 26.478886831000068], [87.70598602000007, 26.47611308100005], [87.70759539600004, 26.478379956000026], [87.71045245700003, 26.478792269000053], [87.71123020800007, 26.47712070600005], [87.71369445700003, 26.47697070600003], [87.71576633300003, 26.478366331000075], [87.71761808300005, 26.48216870600004], [87.71944902100006, 26.484917206000034], [87.72679233300005, 26.485933894000027], [87.73072502000008, 26.484580081000047], [87.73203314500006, 26.481847206000054], [87.73421970800007, 26.480811456000026], [87.73735402100004, 26.481124769000076], [87.73942908200007, 26.48238008100003], [87.74122827100007, 26.482637018000048], [87.74292677100004, 26.48050239400004], [87.74767427000006, 26.480822893000038], [87.74995527000004, 26.480648393000024], [87.75136808200006, 26.481554956000025], [87.75536833200005, 26.482172519000073], [87.75771252100003, 26.484552206000046], [87.76190239500005, 26.482052018000047], [87.76240558200004, 26.480869143000064], [87.76188820700008, 26.478278894000027], [87.76477470800006, 26.478098706000026], [87.76473758300006, 26.476088144000073], [87.76211520700008, 26.475524456000073], [87.76005614500008, 26.477302456000075], [87.75810558200004, 26.475654081000073], [87.75883983300008, 26.472998518000054], [87.76126952100003, 26.47373483100006], [87.76712852000009, 26.476533456000027], [87.76939127000009, 26.478626769000073], [87.77407133300005, 26.48049039400007], [87.77728277000006, 26.48117251800005], [87.78356920800007, 26.483203081000056], [87.78453027000006, 26.484206519000054], [87.78864952000004, 26.48669558100005], [87.79448002000004, 26.488816143000065], [87.79522827000005, 26.49167576900004], [87.79391827000006, 26.492560893000075], [87.79157495700008, 26.49125601800006], [87.79010677100007, 26.49166358100007], [87.79038708300004, 26.49441970600003], [87.78610227000007, 26.49621720600004], [87.78638239500003, 26.49895526800003], [87.79045095700008, 26.498993768000048], [87.79099727000005, 26.501315144000046], [87.78906664600004, 26.503889456000024], [87.78770370800004, 26.50761151900008], [87.78628077000008, 26.50815645600005], [87.78368614500005, 26.50728389300008], [87.78336820700008, 26.509318894000046], [87.78174308300004, 26.51270614400005], [87.78395689500007, 26.51613095600004], [87.78289777100008, 26.517623956000023], [87.78302120800004, 26.52028845600006], [87.78547227100006, 26.520026706000067], [87.78723377000006, 26.521560581000074]]]}, "properties": {"code": "gauradaha_municipality", "name": "Gauradaha Municipality", "type": "Nagarpalika"}}, {"type": "Feature", "geometry": {"type": "Polygon", "coordinates": [[[87.83020958300006, 26.52286951900004], [87.82891839500007, 26.52324264400005], [87.82409308200005, 26.525820644000078], [87.82217258300005, 26.525466144000063], [87.81890595800007, 26.52578733100006], [87.81574927000008, 26.524990768000066], [87.81356245800004, 26.526447519000044], [87.80887595800004, 26.527151206000042], [87.80588920700006, 26.528409331000034], [87.80392770800006, 26.52801870600007], [87.79540139600005, 26.529012081000076], [87.79236464500008, 26.528674644000034], [87.79027364600006, 26.527596268000025], [87.79022514500008, 26.526197394000064], [87.79322164500007, 26.523601331000066], [87.79180795800005, 26.523324769000055], [87.78951802000006, 26.525332456000058], [87.78851877100004, 26.52384408100005], [87.79042827000006, 26.52178664300004], [87.79049233300003, 26.518687831000022], [87.78860614500007, 26.518644143000074], [87.78723377000006, 26.521560581000074], [87.78547227100006, 26.520026706000067], [87.78302120800004, 26.52028845600006], [87.78289777100008, 26.517623956000023], [87.78395689500007, 26.51613095600004], [87.78174308300004, 26.51270614400005], [87.78336820700008, 26.509318894000046], [87.78368614500005, 26.50728389300008], [87.78628077000008, 26.50815645600005], [87.78770370800004, 26.50761151900008], [87.78906664600004, 26.503889456000024], [87.79099727000005, 26.501315144000046], [87.79045095700008, 26.498993768000048], [87.78638239500003, 26.49895526800003], [87.78610227000007, 26.49621720600004], [87.79038708300004, 26.49441970600003], [87.79010677100007, 26.49166358100007], [87.79157495700008, 26.49125601800006], [87.79391827000006, 26.492560893000075], [87.79522827000005, 26.49167576900004], [87.79448002000004, 26.488816143000065], [87.78864952000004, 26.48669558100005], [87.78453027000006, 26.484206519000054], [87.78356920800007, 26.483203081000056], [87.77728277000006, 26.48117251800005], [87.77407133300005, 26.48049039400007], [87.76939127000009, 26.478626769000073], [87.76712852000009, 26.476533456000027], [87.76126952100003, 26.47373483100006], [87.75883983300008, 26.472998518000054], [87.75810558200004, 26.475654081000073], [87.76005614500008, 26.477302456000075], [87.76211520700008, 26.475524456000073], [87.76473758300006, 26.476088144000073], [87.76477470800006, 26.478098706000026], [87.76188820700008, 26.478278894000027], [87.76240558200004, 26.480869143000064], [87.76190239500005, 26.482052018000047], [87.75771252100003, 26.484552206000046], [87.75536833200005, 26.482172519000073], [87.75136808200006, 26.481554956000025], [87.74995527000004, 26.480648393000024], [87.74767427000006, 26.480822893000038], [87.74292677100004, 26.48050239400004], [87.74122827100007, 26.482637018000048], [87.73942908200007, 26.48238008100003], [87.73735402100004, 26.481124769000076], [87.73421970800007, 26.480811456000026], [87.73203314500006, 26.481847206000054], [87.73072502000008, 26.484580081000047], [87.72679233300005, 26.485933894000027], [87.71944902100006, 26.484917206000034], [87.71761808300005, 26.48216870600004], [87.71576633300003, 26.478366331000075], [87.71369445700003, 26.47697070600003], [87.71123020800007, 26.47712070600005], [87.71045245700003, 26.478792269000053], [87.70759539600004, 26.478379956000026], [87.70598602000007, 26.47611308100005], [87.70229514500005, 26.478886831000068], [87.69911820800007, 26.48248839400003], [87.70019752000007, 26.48470820600005], [87.70028445800006, 26.486641831000043], [87.69829683200004, 26.489231018000055], [87.69606670700006, 26.49122333100007], [87.69705227100008, 26.491832394000028], [87.69467233300009, 26.49489508100004], [87.69568833300008, 26.496079456000075], [87.68864764600005, 26.496461144000023], [87.68743664500005, 26.49443139300007], [87.68860514500005, 26.49343501900006], [87.68892908200007, 26.49118351800007], [87.68845664600008, 26.488398706000055], [87.69047508200003, 26.48736214300004], [87.68781083300007, 26.485765956000023], [87.68723783200005, 26.484723831000053], [87.68872814500008, 26.483561144000078], [87.68843945800006, 26.482140831000038], [87.68692752000004, 26.48029764300003], [87.68582883300007, 26.476028581000037], [87.68389877100003, 26.474902644000053], [87.68374914500004, 26.47292870600006], [87.68249752100007, 26.47085845600003], [87.68279095700007, 26.469062956000073], [87.68075470800005, 26.46893276800006], [87.67863589500007, 26.46970108100004], [87.67839289600005, 26.471133018000046], [87.67426702000006, 26.473359706000053], [87.67119945700006, 26.473787143000038], [87.66705152000009, 26.47310245600005], [87.66564258300008, 26.470552144000067], [87.66246333300006, 26.46953108100007], [87.65958939500007, 26.463117081000064], [87.65968833300008, 26.461451144000023], [87.66150077000003, 26.45797408100003], [87.66408014600006, 26.45533751800008], [87.66882720700005, 26.453620519000026], [87.67366158300007, 26.45100489300006], [87.67535064500004, 26.449462269000037], [87.67456908300005, 26.44129183000007], [87.67823327000008, 26.43576358000007], [87.68148720800008, 26.436508581000055], [87.68175270800003, 26.435083331000044], [87.69457977100006, 26.435310456000025], [87.70098870700008, 26.427881455000033], [87.71366739500007, 26.427028893000056], [87.71621083300005, 26.424870018000036], [87.71846145800004, 26.421577456000023], [87.72084627000004, 26.42205283100003], [87.72324770800003, 26.419671144000063], [87.72639020800005, 26.415263519000064], [87.72538064500003, 26.412237831000027], [87.73617639500009, 26.407450269000037], [87.74163070800006, 26.417257018000043], [87.74997827000004, 26.417527206000045], [87.75633789600005, 26.407839331000048], [87.76716645700003, 26.409970706000024], [87.76971327100006, 26.41136070600004], [87.76809002000005, 26.412806955000065], [87.77067889500006, 26.414952768000035], [87.76982214500003, 26.41803783100005], [87.77189145800008, 26.418920331000038], [87.77354452000003, 26.421558581000056], [87.77556833300008, 26.42096089300003], [87.77836245800006, 26.42412545600007], [87.77377945700005, 26.42624458100005], [87.77666370800006, 26.427601019000065], [87.77543264500008, 26.428406581000047], [87.77523164600007, 26.43001676800003], [87.77618133300007, 26.430997768000054], [87.77845608300004, 26.429674268000042], [87.77921870700004, 26.43143264300005], [87.78029258200007, 26.435960580000028], [87.77850364500006, 26.43647358100003], [87.77751895700004, 26.435239956000032], [87.77568758300004, 26.436432456000034], [87.77695564500004, 26.437869894000073], [87.77700289600006, 26.44043326800005], [87.77863308300005, 26.442304268000044], [87.77929339500008, 26.44449420600006], [87.77920602000006, 26.447437394000076], [87.77638114500007, 26.449587706000045], [87.77807902000006, 26.450790331000064], [87.78069689500006, 26.450284144000022], [87.78161995800008, 26.451186268000072], [87.78060739600005, 26.453563643000052], [87.78372758300009, 26.45299364400006], [87.78520695700007, 26.45403039400003], [87.78568489500003, 26.455925644000047], [87.78747958300005, 26.458608081000023], [87.78978320800007, 26.459802706000062], [87.79112702000003, 26.461165080000058], [87.79027758300003, 26.46243583100005], [87.78814277000004, 26.46330520600003], [87.78859145800004, 26.464941081000063], [87.79040739600003, 26.46400801900006], [87.79188183300005, 26.464209768000046], [87.79225383300007, 26.46579414400003], [87.78936395800008, 26.466435269000044], [87.78905083200004, 26.467766143000063], [87.79146845800005, 26.468919581000023], [87.79296877000007, 26.46821851900006], [87.79488489500005, 26.46854626800007], [87.80748733200005, 26.464341268000055], [87.81400383300007, 26.461526269000046], [87.81698820800005, 26.466938893000076], [87.81959014500006, 26.471153081000068], [87.82356345800008, 26.474693581000054], [87.82627008300005, 26.47594170600007], [87.82857664500006, 26.47848970600006], [87.82984152100005, 26.48255795600005], [87.83254095800004, 26.487576956000055], [87.83305577100003, 26.490451268000072], [87.83202520800006, 26.492736518000072], [87.82809333200004, 26.495569018000026], [87.82502120700008, 26.50000089300005], [87.82606127000008, 26.506288831000063], [87.83014970800008, 26.51393564400007], [87.83038558200008, 26.51543270600007], [87.82911852100005, 26.518879269000024], [87.82904583300007, 26.521167956000056], [87.83020958300006, 26.52286951900004]]]}, "properties": {"code": "gauriganj_gaunpalika", "name": "Gauriganj Gaunpalika", "type": "Gaunpalika"}}, {"type": "Feature", "geometry": {"type": "Polygon", "coordinates": [[[88.04503602100004, 26.569626706000065], [88.04250714500006, 26.569236769000042], [88.04028089500008, 26.57018958100008], [88.03864189500007, 26.57176308100003], [88.03589145800004, 26.572272831000078], [88.03493464600007, 26.57373751800003], [88.03245814500008, 26.574364768000066], [88.03165789500008, 26.578260956000065], [88.02937745800006, 26.57858433100006], [88.02562839500007, 26.58048214400003], [88.02138083300008, 26.580038768000065], [88.01601964600007, 26.58159358100005], [88.01363895800006, 26.581513581000024], [88.01196789600004, 26.57793739400006], [88.00976245800007, 26.57751526900006], [88.00797977100007, 26.580156831000068], [88.00302564600008, 26.581507393000038], [88.00098127000007, 26.58315108100004], [87.99927270800003, 26.58244320600005], [87.99881827000007, 26.58054633100005], [87.99919845700003, 26.577215143000046], [87.99876983300004, 26.57394608100003], [87.99885670800006, 26.568051206000064], [87.99926914600007, 26.565254581000033], [87.99861252000005, 26.563984206000043], [87.99819883300006, 26.55989358100004], [87.99173939500008, 26.55755345600005], [87.98485714500003, 26.55738001900005], [87.97954852100008, 26.55833958100004], [87.97216133200004, 26.554456893000065], [87.96803858300007, 26.55343558100003], [87.96932877100005, 26.556091956000046], [87.96969145700007, 26.558409268000048], [87.96790783300008, 26.559603894000077], [87.96562283300005, 26.560332456000026], [87.96408808300004, 26.559485331000076], [87.96403708200006, 26.556389581000076], [87.96204139500009, 26.55637826900005], [87.96005133300008, 26.55485714300005], [87.95592489600006, 26.553822018000062], [87.95233639600008, 26.554633643000045], [87.94995720800006, 26.55322558100005], [87.94717270800004, 26.54974401900006], [87.94052583300004, 26.54952858100006], [87.94005708300006, 26.544050268000035], [87.94122777100006, 26.54175433100005], [87.94107420800003, 26.538011518000076], [87.93932633300005, 26.533349518000023], [87.93884908300004, 26.527884768000035], [87.93970802100006, 26.52745939400006], [87.94366077000006, 26.527403956000057], [87.94698764500004, 26.52881039300007], [87.94998395800008, 26.52875883100006], [87.95145570800008, 26.529486956000028], [87.95338233300004, 26.525834143000054], [87.95096302100006, 26.524728706000076], [87.95081983300008, 26.522495581000044], [87.95332833300006, 26.523390518000042], [87.95377170800003, 26.52057351900004], [87.95121870800006, 26.52074626800004], [87.94969627000006, 26.51940695600007], [87.95108270800006, 26.518167831000028], [87.95360902000004, 26.517270894000035], [87.95334545800006, 26.51566364300004], [87.95559739600003, 26.513694331000067], [87.96093183300007, 26.514543081000056], [87.96481402000006, 26.514801206000072], [87.97397552100006, 26.51352714400008], [87.97482052100008, 26.51274058100006], [87.97394577100005, 26.510893831000033], [87.97168002100005, 26.510588831000064], [87.96831564600006, 26.50797370600003], [87.96679033300006, 26.507794518000026], [87.96239352000003, 26.504820644000063], [87.96271045800006, 26.50289808100007], [87.96071527000004, 26.50185314400005], [87.95956227100004, 26.500136831000077], [87.96123039500009, 26.498952144000043], [87.96102377000005, 26.49642608100004], [87.96005845800005, 26.49443089300007], [87.96041108300005, 26.492417894000027], [87.95900802100005, 26.491001081000036], [87.95662458300006, 26.491048706000072], [87.95586677000006, 26.49023683100006], [87.95657670800006, 26.48783558100007], [87.95643608300009, 26.485541456000078], [87.95780133300008, 26.484223456000052], [87.95640333300008, 26.48188814300005], [87.95882795700004, 26.48025158100006], [87.95703370800004, 26.47843795600005], [87.95326683300004, 26.47861889400008], [87.95353839500007, 26.47681626900004], [87.95187108300007, 26.476396393000073], [87.95163802000008, 26.475041644000044], [87.95432233200006, 26.47510270600003], [87.95490539500008, 26.474198456000067], [87.95379470800003, 26.47254720600006], [87.95124127100007, 26.471239581000077], [87.95048608300004, 26.46912558100007], [87.95261039500008, 26.467358019000073], [87.95525158300006, 26.467383269000038], [87.96035083300006, 26.466821018000076], [87.96893708300007, 26.46661633100007], [87.97189420800004, 26.463881455000035], [87.97496727000004, 26.461831768000025], [87.97459639500005, 26.459771706000026], [87.97598327000009, 26.45870164400003], [87.97703883300005, 26.456543831000033], [87.97627814500004, 26.450406394000026], [87.97704102100005, 26.450186769000027], [87.98043658300008, 26.451425019000055], [87.98133589500009, 26.448674768000046], [87.98572633300006, 26.449556206000068], [87.98656433300005, 26.450216143000034], [87.98495202000004, 26.452113831000077], [87.98617733200007, 26.45313214400005], [87.98820720800006, 26.45067414400006], [87.99091770800004, 26.451519706000056], [87.99098689600004, 26.45513664300006], [87.99258927000005, 26.455748331000052], [87.99379020800006, 26.454947893000053], [87.99639252100008, 26.45719314300004], [88.00000039600008, 26.458136081000077], [88.00187270800006, 26.461907393000047], [88.00374170800006, 26.461664081000038], [88.00455752000005, 26.45967926800006], [88.00279852100005, 26.459007893000035], [88.00212808300006, 26.45628651900006], [88.00367970800005, 26.45523533100004], [88.00688139500005, 26.45667964300003], [88.00757770800004, 26.458195706000026], [88.02287670800007, 26.45952220600003], [88.02611595800005, 26.46141939300003], [88.03145989600006, 26.46257464300004], [88.03332977100007, 26.46215720600003], [88.03791289600008, 26.462548206000065], [88.03859039500009, 26.46302839300006], [88.03936714500009, 26.465132768000046], [88.03954627000007, 26.468116956000074], [88.04195958300005, 26.469846019000045], [88.04468270800004, 26.46908370600005], [88.04590908300008, 26.47063408100007], [88.04847295800005, 26.47235964400005], [88.04757420800007, 26.474040643000023], [88.05011870800007, 26.475421081000036], [88.04900689600004, 26.477044956000043], [88.04912589600008, 26.47916758100007], [88.05109395800008, 26.48125626800004], [88.05312089600005, 26.48464208100006], [88.06294727100004, 26.484257831000036], [88.06255827000007, 26.486476706000076], [88.06123495800006, 26.487928518000047], [88.05945958300003, 26.491234144000032], [88.05743527100003, 26.492282643000067], [88.05664164600006, 26.494633143000044], [88.05406208300008, 26.496274769000024], [88.05337777100004, 26.497554768000043], [88.05484914500005, 26.500001393000048], [88.05660683300005, 26.501441643000078], [88.05724027100007, 26.503246706000027], [88.05559277000003, 26.506510768000055], [88.05340245800005, 26.50755139300003], [88.05138783300004, 26.509701018000044], [88.04870677000008, 26.511187518000042], [88.04909039600005, 26.514274018000037], [88.05077270800007, 26.515766894000024], [88.04922895800007, 26.519659518000026], [88.05203489600007, 26.52304176800004], [88.05179702000004, 26.52487820600004], [88.05279133300007, 26.526899581000066], [88.05567289600003, 26.527889206000054], [88.05565677000004, 26.52907639400007], [88.05348083300004, 26.529399331000036], [88.05328789600009, 26.53106383100004], [88.05669033300006, 26.531329769000024], [88.05725289600008, 26.532216893000054], [88.05505883300003, 26.535430831000042], [88.05235220800006, 26.537201956000047], [88.05433708300006, 26.538410331000023], [88.05298033300005, 26.54107864300005], [88.05117027100005, 26.542610706000062], [88.05246764500004, 26.544212394000056], [88.05108064500007, 26.545919644000037], [88.05248027000005, 26.549303206000047], [88.05210389600006, 26.550332706000063], [88.04888733300004, 26.550433143000078], [88.05072589600007, 26.552901831000042], [88.05111095800004, 26.555778393000026], [88.04881214600005, 26.55720795600007], [88.04847295800005, 26.55860051800005], [88.05112995800005, 26.561920706000024], [88.04989277000004, 26.563572644000033], [88.04848927100005, 26.56342501900008], [88.04589070800006, 26.564947019000044], [88.04542339500006, 26.566338268000038], [88.04711320800004, 26.56733458100007], [88.04734983300006, 26.56865745600004], [88.04503602100004, 26.569626706000065]]]}, "properties": {"code": "haldibari_gaunpalika", "name": "Haldibari Gaunpalika", "type": "Gaunpalika"}}, {"type": "Feature", "geometry": {"type": "Polygon", "coordinates": [[[87.89968358300007, 26.57776345600007], [87.89535770800006, 26.57831645600004], [87.88703683200004, 26.576612956000076], [87.88691283300005, 26.57860183100007], [87.88918777100008, 26.580756268000073], [87.88995702000005, 26.58269895600006], [87.88779064500005, 26.583721206000064], [87.88697533300007, 26.586468144000037], [87.88517770700008, 26.588282393000043], [87.88111689600004, 26.58713414300007], [87.87815239500009, 26.585311019000073], [87.87558914600004, 26.584834831000023], [87.87540708300008, 26.58895208100006], [87.87318152000006, 26.58990226900005], [87.87400970800007, 26.588804956000047], [87.87380977000004, 26.584457643000064], [87.87321933300007, 26.58322233100006], [87.87404783300008, 26.580522768000037], [87.87263383300007, 26.577584269000056], [87.87039489500006, 26.57507951900004], [87.87012402100004, 26.572783894000054], [87.87237839600004, 26.57327108100003], [87.87257277000003, 26.572096456000054], [87.87145502000004, 26.568652831000065], [87.86991583200006, 26.565651831000025], [87.86700902000007, 26.564480331000027], [87.86334770800005, 26.563588581000033], [87.85952564500008, 26.561910143000034], [87.85792477100006, 26.56210945600003], [87.85460089500003, 26.56397308100003], [87.85234070800004, 26.564189706000036], [87.84777570800009, 26.563677581000036], [87.84706783300004, 26.56279495600006], [87.84660995700006, 26.55940133100006], [87.84688927100007, 26.557194894000077], [87.84894545800006, 26.554091019000055], [87.84933139500004, 26.55188845600003], [87.84730470800008, 26.548425268000074], [87.84464383300008, 26.542799331000026], [87.84111470700003, 26.53926820600003], [87.83907064500005, 26.535249769000075], [87.83287764500005, 26.53304295600003], [87.83172814500006, 26.530463456000064], [87.83421758300005, 26.52673214300006], [87.83151564500008, 26.525779831000023], [87.83020958300006, 26.52286951900004], [87.82904583300007, 26.521167956000056], [87.82911852100005, 26.518879269000024], [87.83038558200008, 26.51543270600007], [87.83014970800008, 26.51393564400007], [87.82606127000008, 26.506288831000063], [87.82502120700008, 26.50000089300005], [87.82809333200004, 26.495569018000026], [87.83202520800006, 26.492736518000072], [87.83305577100003, 26.490451268000072], [87.83254095800004, 26.487576956000055], [87.82984152100005, 26.48255795600005], [87.82857664500006, 26.47848970600006], [87.82627008300005, 26.47594170600007], [87.82356345800008, 26.474693581000054], [87.81959014500006, 26.471153081000068], [87.81698820800005, 26.466938893000076], [87.81400383300007, 26.461526269000046], [87.81971227000008, 26.458751706000044], [87.82415214500008, 26.455059018000043], [87.82552433300003, 26.453396956000063], [87.82770083300005, 26.45186108100006], [87.83221602100008, 26.449907581000048], [87.83211370800007, 26.44761989400007], [87.83073708300003, 26.439812893000067], [87.85120295800004, 26.436158455000054], [87.85351208300006, 26.44496389300008], [87.86392814600003, 26.448588769000025], [87.86374295800005, 26.45123251800004], [87.86505214500005, 26.452806519000035], [87.86223802100005, 26.453832268000042], [87.86072702000007, 26.455980768000074], [87.86102839500006, 26.45882914300006], [87.86053358300006, 26.46300701900003], [87.86428202100007, 26.46357564300007], [87.86574558200005, 26.464814769000043], [87.86604070800007, 26.467645081000057], [87.87192095800003, 26.47023614300008], [87.88811883300008, 26.47616845600004], [87.89065008300008, 26.486393519000046], [87.90259064500003, 26.477142893000064], [87.90885052000004, 26.46430101900006], [87.91095127100004, 26.46502789400006], [87.91341808300007, 26.464978205000023], [87.91535152100005, 26.466353706000064], [87.91123908300005, 26.46895033100003], [87.90983864500004, 26.470784956000045], [87.90964477000006, 26.475229581000065], [87.90830464600003, 26.47836814300007], [87.91012877000009, 26.48104645600006], [87.90983314500005, 26.48275439300005], [87.91206939500006, 26.48448908100005], [87.91256102100004, 26.486167143000046], [87.91058533300009, 26.489503830000046], [87.91119889500004, 26.492329831000063], [87.91359702000005, 26.49651414400006], [87.91353783200003, 26.50052239400003], [87.91689920800007, 26.503181706000078], [87.91793183300007, 26.50576576800006], [87.91757833300005, 26.507442456000035], [87.91554995800004, 26.509055456000056], [87.91324377000007, 26.511947519000046], [87.91219158200005, 26.512601893000067], [87.90938802100004, 26.512863519000064], [87.90682258300006, 26.513915643000075], [87.90412477100006, 26.516245893000075], [87.90383302100008, 26.519111456000076], [87.90287127100004, 26.522599581000065], [87.90550308300004, 26.526622331000056], [87.90939195800007, 26.52825170600005], [87.91021058300004, 26.53073333100008], [87.90960314500006, 26.532447768000054], [87.90545752000008, 26.53504220600007], [87.90475495800007, 26.536238206000064], [87.90461352100004, 26.538992206000046], [87.90284133300008, 26.54265926900007], [87.90172283300006, 26.547299269000064], [87.90179545700005, 26.55080789400006], [87.90364914600008, 26.554325581000057], [87.90429120800007, 26.557318331000033], [87.90395139500004, 26.564948018000052], [87.90534370800003, 26.56655495600006], [87.90527827100004, 26.568848081000056], [87.90434883300009, 26.570729269000026], [87.90593939600006, 26.575286643000027], [87.90589620700007, 26.57641301900003], [87.89968358300007, 26.57776345600007]]]}, "properties": {"code": "jhapa_gaunpalika", "name": "Jhapa Gaunpalika", "type": "Gaunpalika"}}, {"type": "Feature", "geometry": {"type": "Polygon", "coordinates": [[[88.03859039500009, 26.46302839300006], [88.03791289600008, 26.462548206000065], [88.03332977100007, 26.46215720600003], [88.03145989600006, 26.46257464300004], [88.02611595800005, 26.46141939300003], [88.02287670800007, 26.45952220600003], [88.00757770800004, 26.458195706000026], [88.00688139500005, 26.45667964300003], [88.00367970800005, 26.45523533100004], [88.00212808300006, 26.45628651900006], [88.00279852100005, 26.459007893000035], [88.00455752000005, 26.45967926800006], [88.00374170800006, 26.461664081000038], [88.00187270800006, 26.461907393000047], [88.00000039600008, 26.458136081000077], [87.99639252100008, 26.45719314300004], [87.99379020800006, 26.454947893000053], [87.99258927000005, 26.455748331000052], [87.99098689600004, 26.45513664300006], [87.99091770800004, 26.451519706000056], [87.98820720800006, 26.45067414400006], [87.98617733200007, 26.45313214400005], [87.98495202000004, 26.452113831000077], [87.98656433300005, 26.450216143000034], [87.98572633300006, 26.449556206000068], [87.98133589500009, 26.448674768000046], [87.98043658300008, 26.451425019000055], [87.97704102100005, 26.450186769000027], [87.97627814500004, 26.450406394000026], [87.97703883300005, 26.456543831000033], [87.97598327000009, 26.45870164400003], [87.97459639500005, 26.459771706000026], [87.97496727000004, 26.461831768000025], [87.97189420800004, 26.463881455000035], [87.96893708300007, 26.46661633100007], [87.96035083300006, 26.466821018000076], [87.95525158300006, 26.467383269000038], [87.95261039500008, 26.467358019000073], [87.95048608300004, 26.46912558100007], [87.94887464500005, 26.468170456000053], [87.94700933300004, 26.468728956000064], [87.94691995800008, 26.466928706000033], [87.94569795800004, 26.464741081000057], [87.94887445800003, 26.463632269000072], [87.94777020800007, 26.46228564300003], [87.94545752000005, 26.461258455000063], [87.94468933300004, 26.459602519000043], [87.94277770800005, 26.459854394000047], [87.94206464500007, 26.457505393000076], [87.94428983300008, 26.455195581000055], [87.94557539500005, 26.45266645600003], [87.94972352000008, 26.452521581000042], [87.95060783300005, 26.451820644000065], [87.95051258300003, 26.44946076800005], [87.94974858300003, 26.448012643000027], [87.94596277000005, 26.448132456000053], [87.94306339500008, 26.447686831000055], [87.94187633300004, 26.446451143000047], [87.93934870800007, 26.446770206000053], [87.93881308300007, 26.44811870600006], [87.93571245800007, 26.448576769000056], [87.92949664500009, 26.448398518000033], [87.92467820800005, 26.447630894000042], [87.92096670800004, 26.450168768000026], [87.92040214600007, 26.452629956000067], [87.92117570800008, 26.45484558100003], [87.92410270800008, 26.457424081000056], [87.92573939500005, 26.46041264300004], [87.92374233300006, 26.463711268000054], [87.92193539600004, 26.465397393000046], [87.91833320700005, 26.466548956000054], [87.91535152100005, 26.466353706000064], [87.91341808300007, 26.464978205000023], [87.91095127100004, 26.46502789400006], [87.90885052000004, 26.46430101900006], [87.91218039500006, 26.457466831000033], [87.90124814500007, 26.44845083100006], [87.92538239600003, 26.44657245600007], [87.92661714600007, 26.44634558100006], [87.92763777100004, 26.44457645600005], [87.92836814600008, 26.44124539300003], [87.92791264600004, 26.439691206000077], [87.92581120700004, 26.437495581000064], [87.92062752000004, 26.435098581000034], [87.91854864600003, 26.432315893000066], [87.91894308300004, 26.430372643000055], [87.92395758300006, 26.42878995600006], [87.92661039500007, 26.428885643000058], [87.92857914600006, 26.42737664300006], [87.92943433300007, 26.42414633100003], [87.92886452000005, 26.420374581000033], [87.92975939600007, 26.417570519000037], [87.93140364500005, 26.41725964400007], [87.93401270800007, 26.418030206000026], [87.93583827100008, 26.41713358100003], [87.95706727000004, 26.40475970600005], [87.96833564500008, 26.396846393000033], [87.99418920800008, 26.39223701900005], [87.99447902100007, 26.372240831000056], [87.99537470800004, 26.36983576800003], [87.99671120800008, 26.36857851800005], [87.99814370800004, 26.36581770600003], [88.00048883300008, 26.364752019000036], [88.00237427000008, 26.36616501800006], [88.00445977100009, 26.364920519000066], [88.00668245800006, 26.364333956000053], [88.00943395800005, 26.36081901800003], [88.01022252100006, 26.360757018000072], [88.02690177100004, 26.363750330000073], [88.03243533300008, 26.364550019000035], [88.03344533300003, 26.36636164400005], [88.03032533300006, 26.36886420600007], [88.02976602000007, 26.370908206000024], [88.03053427000003, 26.372642581000036], [88.03233445800004, 26.374484581000047], [88.03397114500007, 26.37800895600003], [88.03088502000008, 26.378572831000042], [88.02976008300004, 26.381683831000032], [88.03266745800005, 26.382983081000077], [88.03485064500006, 26.38813501800007], [88.03700770800003, 26.388236706000043], [88.03724564500004, 26.390678956000045], [88.03907064600008, 26.390000018000023], [88.04048202100006, 26.393638768000073], [88.04488233300003, 26.39496970600004], [88.04543914600004, 26.39592926800003], [88.04746608300007, 26.395618831000036], [88.04874520800007, 26.398516018000066], [88.04785452000004, 26.399576394000064], [88.05021583300004, 26.40082958000005], [88.05247764600006, 26.400506018000044], [88.05401958300007, 26.398660019000033], [88.05552952100004, 26.40073626900005], [88.05827695800008, 26.400905644000034], [88.05806970800006, 26.40236264300006], [88.06020620800007, 26.406763081000065], [88.06339233300008, 26.409594081000023], [88.06680489500008, 26.41005158100006], [88.06741339600006, 26.40767758100003], [88.07001520800009, 26.40902339300004], [88.07175833300005, 26.407473581000033], [88.07391664600004, 26.407874831000072], [88.07201620800004, 26.410903956000027], [88.07263502000006, 26.413451519000034], [88.07909320800007, 26.417988456000046], [88.08118833300006, 26.419789206000075], [88.08506145800004, 26.42495920600004], [88.08627252000008, 26.425875206000057], [88.08745039600007, 26.43032983100005], [88.09115408300005, 26.43394601800003], [88.08715820900005, 26.436321081000074], [88.08236070800007, 26.436025769000025], [88.07879102100009, 26.436213018000046], [88.07307733300007, 26.436052893000067], [88.07277127000003, 26.438806018000037], [88.06412464500005, 26.43879395500005], [88.06312389600004, 26.439482893000047], [88.06290645800004, 26.44761289300004], [88.05967689500005, 26.447684268000046], [88.05985702100008, 26.457709081000075], [88.05962783300004, 26.461973581000052], [88.05764977100006, 26.46246889300005], [88.05498058300003, 26.460455393000075], [88.05417939500006, 26.458868143000075], [88.05072683300006, 26.455822331000036], [88.05056108300005, 26.454406393000056], [88.04770902000007, 26.456047581000064], [88.04594439600004, 26.45623426800006], [88.04242139600007, 26.455215206000048], [88.03366870800005, 26.456382268000027], [88.03652758300007, 26.458839331000036], [88.03859039500009, 26.46302839300006]]]}, "properties": {"code": "kachanakawal_gaunpalika", "name": "Kachanakawal Gaunpalika", "type": "Gaunpalika"}}, {"type": "Feature", "geometry": {"type": "Polygon", "coordinates": [[[87.79333014500008, 26.665943394000067], [87.79029039500006, 26.665786581000077], [87.78539433200007, 26.66434689400006], [87.78119308300006, 26.664496394000025], [87.77826227000008, 26.665489644000047], [87.77437889500004, 26.66584933100006], [87.76763589600006, 26.664924581000037], [87.76259970800004, 26.667675518000067], [87.76053158300004, 26.67161545600004], [87.75033033300008, 26.675449644000025], [87.74752902000006, 26.676161706000073], [87.74106164500006, 26.67946333100008], [87.73945039600005, 26.681360518000076], [87.73424952000005, 26.68538176800007], [87.73183539500008, 26.68679114400004], [87.73000483300007, 26.68723158100005], [87.72490920800004, 26.689715206000074], [87.72097652000008, 26.692784018000054], [87.71863095800006, 26.693951269000024], [87.71488820700006, 26.694798393000042], [87.71151558300005, 26.696896018000075], [87.71122139500005, 26.694232331000023], [87.71449677000004, 26.686527394000052], [87.71529233200005, 26.683070644000054], [87.71936745700003, 26.67610176900007], [87.71840645800006, 26.674486331000026], [87.71727089500007, 26.669143706000057], [87.71504270800006, 26.664898769000047], [87.71244758200004, 26.65765883100005], [87.70665964600005, 26.650976331000038], [87.70117683300003, 26.646945956000025], [87.69470345700006, 26.64402820600003], [87.69194039500007, 26.640198518000034], [87.68819127000006, 26.63710020600007], [87.68537970700004, 26.63380545600006], [87.68419802000005, 26.62934514400007], [87.68410714500004, 26.626118519000045], [87.68246445700004, 26.623592081000027], [87.68165883300009, 26.617304269000044], [87.67985308300007, 26.61478989400007], [87.67886227000008, 26.610585831000037], [87.67307952000004, 26.60575908100003], [87.67086364500005, 26.602377706000027], [87.66810489500006, 26.600903518000052], [87.66676620800007, 26.60209233100005], [87.66460558200004, 26.60074389400006], [87.66439433200009, 26.599478893000025], [87.66150827000007, 26.59844745600003], [87.65808533300003, 26.59779301800006], [87.65386608300008, 26.599024331000066], [87.65216277000007, 26.598255831000074], [87.65112795700009, 26.594388081000034], [87.64949677000004, 26.593156581000073], [87.64157558200003, 26.589227393000044], [87.64204820700007, 26.58766133100005], [87.64463595800004, 26.583921581000027], [87.64698964500008, 26.587465206000047], [87.65003145800006, 26.588044894000063], [87.65247220700007, 26.589076331000058], [87.65440783300005, 26.591098518000024], [87.65696358300005, 26.592801768000072], [87.65809027000006, 26.592625144000067], [87.65865358300005, 26.590717831000063], [87.66260952000005, 26.58751301800004], [87.66598920700005, 26.585736956000062], [87.67275358300003, 26.58759170600007], [87.67392377000004, 26.583479019000038], [87.67468552000008, 26.582401206000043], [87.67661327000008, 26.582620018000057], [87.67793470700008, 26.58483889400003], [87.67835945800005, 26.58748395600003], [87.67757352000007, 26.58883045600004], [87.67935433300005, 26.590291081000032], [87.68069033300009, 26.590386269000078], [87.68373920700003, 26.59220864400004], [87.68710558200007, 26.59275658100006], [87.69256939500008, 26.589548144000048], [87.69385108200004, 26.589068018000034], [87.69615658200007, 26.590918518000024], [87.70004389500008, 26.590745956000035], [87.70173970800005, 26.592204519000063], [87.70237083300003, 26.596592956000052], [87.70331258300007, 26.59746845600006], [87.70220808300007, 26.598827956000036], [87.70194383300003, 26.600774518000037], [87.70313039500007, 26.60226489400003], [87.70469314600007, 26.601446956000075], [87.70650114500006, 26.602543831000048], [87.70952183300005, 26.60344501900005], [87.70949458300004, 26.607881831000043], [87.70994170800003, 26.611788269000044], [87.70841570800008, 26.614406831000053], [87.70936277000004, 26.61621658200005], [87.71224014500007, 26.616730206000057], [87.71497858300006, 26.61659233100005], [87.71605633300004, 26.62092883100007], [87.71608964500007, 26.62284008100005], [87.71415520800008, 26.62308445700006], [87.71409308300008, 26.626219331000073], [87.71865752100007, 26.628134894000027], [87.72101639500005, 26.62789051900006], [87.72348964600008, 26.626885018000053], [87.72303720700006, 26.62550620600007], [87.72363395800005, 26.623375081000063], [87.72160727000005, 26.620022893000055], [87.72327277000005, 26.61795858100004], [87.72639745800006, 26.617556769000032], [87.72833245800007, 26.615937831000053], [87.72620127000005, 26.613825206000058], [87.72529727000006, 26.609226143000058], [87.72621752000003, 26.608740769000065], [87.72497808300005, 26.60658289400004], [87.72602777000003, 26.605927644000076], [87.72513664500008, 26.60325795600005], [87.72207370800004, 26.59973958100005], [87.72059558200004, 26.599320456000044], [87.72011345800007, 26.597592081000073], [87.72295283300008, 26.590130518000024], [87.72142589500004, 26.588811331000045], [87.72232033200004, 26.586936019000063], [87.72338108200006, 26.586779394000075], [87.72544089500008, 26.584825894000062], [87.72564827000008, 26.58228833100003], [87.72701864500004, 26.58137189300004], [87.72671027100006, 26.579534206000062], [87.72788577000006, 26.57758295600007], [87.72934883200008, 26.577451331000077], [87.73401802000006, 26.570370581000077], [87.73379914500003, 26.568227893000028], [87.73663833200004, 26.56676214400005], [87.74070427000004, 26.565335143000027], [87.74037995800006, 26.563190706000057], [87.74374408300008, 26.560665956000037], [87.74686652000008, 26.559968018000063], [87.74801914500006, 26.55805739400006], [87.74526733300007, 26.552897144000042], [87.74309327000003, 26.55255870600007], [87.74444239500008, 26.550270144000024], [87.74470120800004, 26.548668769000074], [87.74170864600006, 26.546599206000053], [87.74115958200008, 26.543936831000053], [87.74363327000003, 26.542809143000056], [87.74937808300007, 26.54348995600003], [87.75322964600008, 26.543099519000066], [87.75465514500007, 26.542475893000073], [87.75732652000005, 26.542527206000045], [87.76060764500005, 26.543730581000034], [87.76398502000006, 26.54363358100005], [87.77116239600008, 26.543989831000033], [87.77343064500008, 26.543510393000076], [87.77444064500008, 26.541645394000057], [87.77449745700005, 26.53871814400003], [87.77682227000008, 26.537895331000072], [87.77637739600004, 26.536846143000048], [87.77746220700004, 26.535217644000056], [87.78051227000003, 26.53378826900007], [87.78386633300005, 26.533727018000036], [87.78412320800004, 26.530083268000055], [87.78582633300005, 26.52891614300006], [87.78538658300005, 26.52467376900006], [87.78723377000006, 26.521560581000074], [87.78860614500007, 26.518644143000074], [87.79049233300003, 26.518687831000022], [87.79042827000006, 26.52178664300004], [87.78851877100004, 26.52384408100005], [87.78951802000006, 26.525332456000058], [87.79180795800005, 26.523324769000055], [87.79322164500007, 26.523601331000066], [87.79022514500008, 26.526197394000064], [87.79027364600006, 26.527596268000025], [87.79236464500008, 26.528674644000034], [87.79150170800006, 26.53125433100007], [87.79531008300006, 26.535859394000056], [87.79413014500005, 26.54333339300007], [87.79399408300009, 26.54780470600008], [87.79216070800004, 26.552224393000074], [87.79108183200003, 26.553164768000045], [87.78692158200005, 26.554681706000054], [87.78489502000008, 26.554370206000044], [87.78372289500004, 26.55553889300006], [87.78324795800006, 26.55839164400004], [87.78340752000008, 26.561841268000023], [87.78264970700008, 26.56434364300003], [87.78028714600003, 26.566049081000074], [87.77798058300004, 26.569555081000033], [87.77461489500007, 26.57243264300007], [87.77390458300005, 26.573731831000032], [87.77360639600005, 26.576418956000055], [87.77259252000005, 26.57839676800006], [87.76872152100003, 26.58168101900003], [87.76777639500006, 26.58354551800005], [87.76902358300003, 26.587068269000042], [87.77113808300004, 26.590119206000054], [87.77259164500003, 26.596594768000045], [87.77136745800004, 26.60028876900003], [87.77115983300007, 26.60516208100006], [87.76948464600008, 26.61227751900003], [87.76961595800003, 26.615490269000077], [87.77112945800008, 26.618686644000036], [87.77074877100006, 26.623603769000056], [87.77129720800008, 26.62937564300006], [87.77141933300004, 26.635883268000043], [87.77247995800008, 26.63871639300004], [87.77570789600009, 26.64155351900007], [87.78180858300004, 26.644237143000055], [87.78362902000003, 26.645292269000038], [87.78563758300004, 26.647416019000048], [87.78768377100005, 26.651071769000055], [87.79021845700004, 26.65470901900005], [87.78923277000007, 26.65782639400004], [87.78948239500005, 26.65943401900006], [87.79280214500005, 26.664411831000052], [87.79333014500008, 26.665943394000067]]]}, "properties": {"code": "kamal_gaunpalika", "name": "Kamal Gaunpalika", "type": "Gaunpalika"}}, {"type": "Feature", "geometry": {"type": "Polygon", "coordinates": [[[87.93644783300005, 26.688434956000037], [87.93465752000003, 26.689787144000036], [87.93299652100006, 26.69359370600006], [87.92873314600007, 26.696327331000077], [87.92684533300007, 26.697145269000032], [87.92173095800007, 26.69602089400007], [87.91869733300007, 26.69400739400004], [87.91805808300006, 26.69277264300007], [87.91293358200005, 26.69366089300007], [87.90905970800009, 26.69242433100004], [87.90615164500008, 26.691944206000073], [87.90479020800007, 26.690626018000046], [87.90274020800007, 26.691038456000058], [87.89848777000003, 26.690848768000023], [87.89661364500006, 26.689811331000044], [87.89425508300008, 26.686985081000046], [87.88967314500007, 26.686716019000073], [87.88829233300004, 26.688211769000077], [87.88650852000006, 26.68820939400007], [87.88394083200006, 26.686645706000036], [87.88172883300007, 26.68428551900007], [87.88278014500008, 26.68329739400008], [87.88644270700007, 26.675719394000055], [87.88516189500007, 26.673482019000062], [87.88270170700008, 26.671728081000026], [87.88025877000007, 26.66901495600007], [87.87981158300005, 26.667783393000036], [87.88003433300008, 26.664726518000066], [87.87884633300007, 26.66203495600007], [87.87387889500008, 26.65892208100007], [87.87236520800008, 26.653910393000046], [87.87211945800004, 26.651235519000068], [87.87244427100006, 26.643743706000066], [87.87221608200008, 26.642136143000073], [87.86966252000008, 26.636474018000058], [87.86458339500007, 26.62934920600003], [87.86230127000005, 26.624466081000037], [87.85937808300008, 26.621295144000044], [87.85935658300008, 26.614480206000053], [87.85989339600007, 26.61206008100004], [87.85820414600005, 26.608335518000047], [87.85808558300005, 26.605817768000065], [87.86045877000004, 26.60432983100003], [87.86173583300007, 26.604310831000078], [87.86686895800005, 26.602370519000033], [87.87157270800003, 26.60226508100004], [87.87273489500006, 26.600757268000052], [87.87181852100008, 26.593383644000028], [87.87127120800005, 26.591538769000067], [87.87318152000006, 26.58990226900005], [87.87540708300008, 26.58895208100006], [87.87558914600004, 26.584834831000023], [87.87815239500009, 26.585311019000073], [87.88111689600004, 26.58713414300007], [87.88517770700008, 26.588282393000043], [87.88697533300007, 26.586468144000037], [87.88779064500005, 26.583721206000064], [87.88995702000005, 26.58269895600006], [87.88918777100008, 26.580756268000073], [87.88691283300005, 26.57860183100007], [87.88703683200004, 26.576612956000076], [87.89535770800006, 26.57831645600004], [87.89968358300007, 26.57776345600007], [87.89936864500004, 26.58082101800005], [87.90016714500007, 26.58351039400003], [87.89990533300005, 26.586226768000074], [87.89716295800008, 26.586207956000067], [87.89671952100008, 26.589534831000037], [87.89794764500004, 26.590989394000076], [87.89868358300004, 26.59377620600003], [87.89713995700004, 26.595652206000068], [87.89621633300004, 26.59502614400003], [87.89421964600007, 26.59723895600007], [87.89537902000006, 26.59896026800004], [87.89404570800008, 26.59980358100006], [87.89416970800005, 26.60114776900008], [87.89185314500008, 26.602263581000045], [87.89023870800008, 26.601016706000053], [87.88971420800004, 26.604131894000034], [87.89024602000006, 26.605288518000066], [87.89390783300007, 26.60855345600004], [87.89460133300008, 26.605482331000076], [87.90152270800007, 26.60491739400004], [87.90300045800007, 26.604323518000058], [87.90553633300004, 26.605234893000045], [87.91098502000006, 26.603771706000032], [87.91366264600003, 26.602693894000026], [87.91630364600007, 26.603645018000066], [87.91965345800008, 26.60556639400005], [87.92380533300008, 26.606676831000073], [87.92318608300008, 26.602018644000054], [87.92889558200005, 26.602902206000067], [87.93400689600008, 26.60151926800006], [87.93707508300008, 26.601350143000047], [87.94236270800008, 26.599604769000052], [87.94363164500004, 26.600061206000078], [87.94314970800008, 26.602061519000074], [87.94358627000008, 26.60386389300004], [87.94285658300004, 26.606644394000057], [87.94404514600006, 26.609297081000022], [87.94734639500007, 26.609207456000036], [87.94818395800007, 26.611223831000075], [87.94806420700007, 26.614433519000045], [87.94999945800004, 26.616961581000055], [87.95291214500008, 26.618431457000042], [87.95212270800005, 26.61974108100003], [87.95242058200006, 26.625012768000033], [87.95420070800003, 26.626664018000042], [87.95431658300004, 26.62867158100005], [87.95243714600008, 26.629124269000044], [87.95190545800006, 26.63041633100005], [87.95271152100008, 26.631785206000075], [87.95479058300003, 26.63320645600004], [87.95690920800007, 26.63357814400007], [87.95851020800006, 26.635625393000055], [87.95726270800003, 26.63772789400008], [87.95514302100008, 26.638597393000055], [87.95511089500008, 26.64047064400006], [87.94790695800003, 26.64041276900008], [87.94740933300005, 26.643329394000034], [87.94759739600005, 26.64717339400005], [87.94821645800005, 26.65067601900006], [87.94419302100005, 26.652266643000075], [87.94208295800007, 26.652601081000057], [87.94231439600009, 26.653942268000037], [87.94436764500006, 26.65807626900005], [87.94727014600005, 26.661076268000045], [87.94809702000003, 26.66364783100005], [87.94904064600007, 26.664386206000074], [87.94896277100008, 26.669242956000062], [87.94796989600007, 26.67022439400006], [87.94390439600005, 26.677696019000052], [87.94316145800008, 26.680445018000057], [87.94123595800005, 26.684113456000034], [87.94004864500005, 26.685303831000056], [87.93748602100004, 26.686056394000047], [87.93644783300005, 26.688434956000037]]]}, "properties": {"code": "kankai_municipality", "name": "Kankai Municipality", "type": "Nagarpalika"}}, {"type": "Feature", "geometry": {"type": "Polygon", "coordinates": [[[88.18745970600008, 26.782835087000024], [88.18342314500006, 26.781566894000036], [88.17821627000006, 26.782061644000066], [88.17520452100007, 26.78050483100003], [88.17124652000007, 26.782399269000052], [88.16909420900004, 26.784224394000034], [88.16835370800004, 26.783361769000066], [88.16392558300004, 26.787432831000046], [88.16270483300008, 26.790333394000072], [88.16388627000003, 26.792271019000054], [88.16362539600004, 26.794489018000036], [88.16194264500007, 26.797088769000027], [88.16153489600003, 26.798962706000054], [88.15868814500004, 26.800312831000042], [88.15742864600008, 26.80331301900003], [88.15494014600006, 26.805526581000038], [88.15335283300004, 26.804045769000027], [88.15484208300006, 26.802672956000038], [88.15689202000004, 26.797511456000052], [88.15728008400004, 26.795177331000048], [88.15535764500004, 26.792128769000044], [88.15430789600003, 26.789465644000074], [88.15226070800009, 26.787049832000037], [88.15256695900007, 26.784887894000065], [88.15120308300004, 26.78134501900007], [88.15128452100004, 26.777271394000024], [88.15039970800007, 26.775852456000052], [88.14895420800008, 26.77143245600007], [88.14769108300004, 26.769075644000054], [88.14563314500003, 26.769487206000065], [88.14404827100003, 26.76812351800004], [88.13998745800006, 26.765716956000063], [88.13867389600006, 26.765330394000046], [88.13757314500003, 26.76965139300006], [88.13574014500006, 26.77157733100006], [88.13577102100004, 26.77417883100003], [88.13415339500006, 26.775396769000054], [88.13402533300007, 26.770920894000028], [88.13309945800006, 26.769138831000078], [88.13087639500003, 26.76830820600003], [88.12813289600007, 26.765238706000048], [88.12931320800004, 26.762257456000043], [88.12799520800007, 26.758294268000043], [88.12171889600006, 26.75348358100007], [88.12074620800007, 26.748046332000058], [88.11851102100007, 26.747526894000032], [88.11691014500008, 26.748514331000024], [88.11591439500006, 26.74679820700004], [88.11415052100006, 26.745573269000033], [88.11518089600008, 26.743173331000037], [88.11639927000004, 26.742015081000034], [88.11922852100008, 26.74187095600007], [88.12046445800007, 26.740200394000055], [88.12164152000008, 26.735350894000078], [88.12207439500008, 26.73042151900006], [88.12454639600008, 26.726814081000043], [88.12495327000005, 26.72506426800004], [88.12478864600007, 26.721484519000057], [88.12364677100004, 26.71716101900006], [88.12009483300005, 26.71850014300003], [88.11970808300003, 26.720897394000076], [88.11821870800009, 26.721748581000043], [88.11705120900007, 26.720505394000043], [88.11716095800006, 26.718164519000027], [88.11875814500007, 26.716457269000045], [88.11980702000005, 26.71219770600004], [88.12532658300006, 26.71160795700007], [88.12606458300007, 26.71031139300004], [88.12531914600004, 26.70457901900005], [88.12534439500007, 26.702356144000078], [88.12330408300005, 26.69805326900007], [88.12217933300008, 26.693066268000052], [88.12140045900009, 26.691458956000076], [88.11961220800004, 26.68289826800003], [88.11822745800004, 26.679034768000065], [88.11579508300008, 26.68108926900004], [88.11438108300007, 26.683374956000023], [88.11186227100006, 26.685791143000074], [88.10935802100005, 26.68939183200007], [88.10877089500008, 26.69219676800003], [88.10869027000007, 26.69580558100006], [88.10818789500007, 26.698609831000056], [88.10756120800005, 26.70531214400006], [88.10661114500004, 26.708401956000046], [88.10205227000006, 26.71397945600006], [88.10117639600008, 26.716509081000027], [88.09938645800008, 26.718842643000073], [88.09803895800007, 26.723293956000077], [88.09671539600004, 26.724166143000048], [88.09501502000006, 26.723075831000074], [88.08987589500003, 26.725047018000055], [88.08355783300004, 26.722953956000026], [88.08225108300007, 26.71923389400007], [88.08390995800005, 26.71376714400003], [88.08266783300007, 26.709895456000027], [88.08141970800006, 26.707774769000025], [88.07902189600009, 26.705895268000063], [88.07873083300007, 26.704270519000033], [88.08102889600008, 26.69932020600004], [88.08133495800007, 26.697336644000075], [88.08607877100007, 26.692354081000076], [88.08604133400007, 26.69124639300003], [88.08339177100004, 26.688816081000027], [88.08372639500004, 26.68507889400007], [88.08104377000006, 26.685316019000027], [88.07737683300007, 26.686808394000025], [88.07430870800005, 26.687596581000037], [88.06945289600003, 26.68830339400006], [88.06702114500007, 26.68958989300006], [88.06463702000008, 26.689657456000077], [88.06169420800006, 26.690773893000028], [88.05688177100006, 26.69102645600003], [88.05415852100003, 26.69069245600008], [88.05144158300004, 26.68892758100003], [88.05080383300003, 26.684035581000046], [88.04626127100005, 26.685892456000033], [88.04366452000005, 26.68584608100008], [88.04382464600008, 26.683362706000025], [88.04548058300009, 26.679760331000068], [88.04474420800005, 26.677868019000073], [88.04515508300005, 26.67643651900005], [88.04335402000004, 26.674712206000038], [88.04382383300003, 26.66961570600006], [88.04283858300005, 26.666443456000025], [88.04123739500005, 26.66368414300007], [88.04242027100008, 26.66131964400006], [88.04111477100008, 26.659099644000037], [88.04195058300007, 26.657726081000078], [88.04017920800004, 26.655638081000063], [88.03678864600005, 26.654652018000036], [88.03441827000006, 26.65345976900005], [88.03342789500005, 26.652252893000025], [88.03348583300004, 26.64948139300003], [88.03442677000004, 26.648204143000044], [88.03640133300007, 26.648135581000076], [88.03613933300005, 26.645612394000068], [88.03725214600007, 26.643975019000038], [88.03554720800008, 26.641561643000045], [88.03602864600003, 26.638983332000066], [88.03570439500004, 26.636230456000078], [88.03690058300003, 26.63480233100006], [88.03564258300008, 26.63216226800006], [88.03742027100003, 26.629301518000034], [88.03494545800004, 26.62669289300004], [88.03544714600008, 26.624134769000023], [88.03667127000006, 26.623304456000028], [88.03608377100005, 26.621289081000043], [88.03932252000004, 26.617876081000077], [88.04048752100005, 26.615245393000066], [88.03993083300008, 26.612541581000073], [88.04417727000003, 26.610653331000037], [88.04362483300008, 26.608982956000034], [88.04504533300008, 26.608175956000025], [88.04712864600003, 26.608754144000045], [88.04760439600005, 26.606825769000068], [88.04889927000005, 26.605807519000052], [88.04867264600006, 26.603737644000034], [88.05089170800005, 26.603782206000062], [88.05074245800006, 26.602287206000028], [88.05231345800007, 26.601348144000042], [88.05637702000007, 26.60223420600005], [88.05857014600008, 26.601109956000073], [88.06073614500008, 26.60174595600006], [88.06560727100003, 26.602197019000073], [88.06427070800004, 26.606972893000034], [88.06443120800003, 26.60919445600007], [88.06771483300008, 26.612426081000024], [88.07019302100008, 26.613792956000054], [88.07222414600005, 26.616571331000046], [88.07510895800004, 26.616240394000044], [88.07691133300006, 26.61332714400004], [88.07748902000003, 26.611282768000024], [88.07955714500008, 26.612894081000036], [88.08098945800003, 26.610628894000058], [88.08297245800009, 26.608598706000066], [88.08496608300004, 26.607430394000062], [88.08541102100008, 26.605768456000078], [88.08761127000008, 26.605155894000063], [88.08993139600005, 26.603359956000077], [88.08952095800004, 26.60203401800004], [88.09132033300006, 26.601054393000027], [88.09131602100007, 26.597818518000054], [88.09288458300006, 26.59652926900003], [88.09243064600008, 26.595318706000057], [88.09413133300006, 26.591889206000076], [88.09726414600004, 26.58987483100003], [88.10105439600005, 26.58633658100007], [88.10115720800007, 26.584823894000067], [88.09975033300003, 26.583239393000042], [88.10013570800004, 26.581408581000062], [88.09841114500006, 26.57815889400007], [88.09880064600009, 26.57604145600004], [88.10299733300008, 26.575817206000067], [88.10490902000004, 26.574498144000074], [88.10686833300008, 26.571154456000045], [88.10712164500006, 26.569703831000027], [88.10955508300003, 26.56752983100006], [88.10971408300009, 26.56508470600005], [88.10785758300005, 26.562138581000056], [88.10799977100004, 26.56061201800003], [88.11030539600006, 26.560165331000064], [88.11143120800006, 26.556952206000062], [88.11435858300007, 26.556782643000076], [88.11613983300003, 26.558233206000068], [88.11605014600008, 26.55946601900007], [88.11333677000005, 26.56146626900005], [88.11532108300008, 26.56276408100007], [88.11577114500005, 26.564667331000066], [88.11394302100007, 26.567719018000048], [88.11475208300004, 26.571061393000036], [88.11688033300004, 26.57178489300003], [88.11726077100008, 26.570066956000062], [88.12185077100008, 26.56805408100007], [88.12181533300009, 26.569828018000067], [88.12074552000007, 26.57149276900003], [88.12020514600005, 26.574250018000043], [88.12335933300005, 26.575418956000078], [88.12555152100003, 26.571949018000055], [88.12779727100008, 26.574151706000066], [88.12579658300007, 26.575708769000073], [88.12601477100009, 26.576909831000023], [88.12784402000005, 26.57732408100003], [88.12980402000005, 26.57538820600007], [88.13102789600003, 26.57230283100006], [88.13279920800005, 26.573394456000074], [88.13311170800006, 26.576144956000064], [88.13248164500004, 26.57925726800005], [88.12990539600008, 26.581563643000038], [88.13268739600005, 26.58454495600006], [88.13207533400004, 26.587133581000046], [88.13450577100008, 26.592877456000053], [88.13428170800006, 26.597645143000022], [88.13248777100006, 26.600987769000028], [88.13352314600007, 26.602177769000036], [88.13823783300006, 26.60557458100004], [88.14135864500008, 26.605930956000066], [88.14219120800004, 26.609758144000068], [88.14183714600006, 26.610765144000027], [88.14313102100004, 26.613133144000074], [88.14293089500006, 26.618823519000046], [88.14342739600005, 26.62242095600004], [88.14460964600005, 26.625475769000047], [88.14665758300004, 26.62645895600008], [88.14694152000004, 26.627925644000072], [88.14949845800004, 26.62926570600007], [88.15688289600007, 26.62994820600005], [88.15997477100007, 26.632527081000035], [88.16074777000006, 26.63565508100004], [88.16307839600006, 26.636256581000055], [88.16058720800004, 26.63977226800006], [88.16160389600003, 26.642036269000073], [88.16330733300003, 26.64224801900008], [88.16566689600006, 26.645681144000037], [88.16552914500005, 26.65034876800007], [88.16692370800007, 26.66536564300003], [88.16754139600005, 26.66997520600006], [88.16738014500004, 26.673993143000075], [88.16667839600007, 26.678218581000067], [88.17044689500005, 26.683688894000056], [88.16967314600004, 26.685838956000055], [88.17030614500004, 26.68718539400004], [88.17013883300007, 26.69552458100003], [88.17066114500005, 26.697221643000034], [88.16974727000007, 26.699248768000075], [88.17214245800005, 26.701293706000058], [88.17564464600008, 26.707765706000032], [88.17910345900003, 26.709982206000063], [88.18108952000006, 26.712700581000036], [88.18314702100008, 26.71740176800006], [88.18464345800004, 26.719169644000033], [88.18529677100008, 26.72371326800004], [88.18491564500005, 26.727189081000063], [88.18740320900008, 26.730672644000038], [88.18712177100008, 26.733998831000065], [88.18898477100004, 26.738182519000077], [88.18856195800004, 26.740056706000075], [88.18884727000005, 26.744422831000065], [88.18971270800006, 26.75059833100005], [88.18847314500005, 26.756473331000052], [88.18985558300005, 26.760146519000045], [88.19056995800008, 26.767665831000045], [88.19056502000007, 26.771350706000078], [88.18745970600008, 26.782835087000024]]]}, "properties": {"code": "mechinagar_municipality", "name": "Mechinagar Municipality", "type": "Nagarpalika"}}, {"type": "Feature", "geometry": {"type": "Polygon", "coordinates": [[[87.82061945800007, 26.69340076900005], [87.81864077100005, 26.693112081000038], [87.81706395800006, 26.69368301800006], [87.81432233300006, 26.692031143000065], [87.81119520800007, 26.69125920600004], [87.81002952100005, 26.68913333100005], [87.80562208300006, 26.687594519000072], [87.80294127000008, 26.685425269000064], [87.80115308200004, 26.684695143000056], [87.79981458200007, 26.68287483100005], [87.79587852000003, 26.680071643000076], [87.79471377100003, 26.67675858100006], [87.79333245800007, 26.675168581000037], [87.79293258300004, 26.672564394000062], [87.79315195700008, 26.669503143000043], [87.79390202000008, 26.667359644000044], [87.79333014500008, 26.665943394000067], [87.79280214500005, 26.664411831000052], [87.78948239500005, 26.65943401900006], [87.78923277000007, 26.65782639400004], [87.79021845700004, 26.65470901900005], [87.78768377100005, 26.651071769000055], [87.78563758300004, 26.647416019000048], [87.78362902000003, 26.645292269000038], [87.78180858300004, 26.644237143000055], [87.77570789600009, 26.64155351900007], [87.77247995800008, 26.63871639300004], [87.77141933300004, 26.635883268000043], [87.77129720800008, 26.62937564300006], [87.77074877100006, 26.623603769000056], [87.77112945800008, 26.618686644000036], [87.76961595800003, 26.615490269000077], [87.76948464600008, 26.61227751900003], [87.77115983300007, 26.60516208100006], [87.77136745800004, 26.60028876900003], [87.77259164500003, 26.596594768000045], [87.77113808300004, 26.590119206000054], [87.76902358300003, 26.587068269000042], [87.76777639500006, 26.58354551800005], [87.76872152100003, 26.58168101900003], [87.77259252000005, 26.57839676800006], [87.77360639600005, 26.576418956000055], [87.77390458300005, 26.573731831000032], [87.77461489500007, 26.57243264300007], [87.77798058300004, 26.569555081000033], [87.78028714600003, 26.566049081000074], [87.78264970700008, 26.56434364300003], [87.78340752000008, 26.561841268000023], [87.78324795800006, 26.55839164400004], [87.78372289500004, 26.55553889300006], [87.78489502000008, 26.554370206000044], [87.78692158200005, 26.554681706000054], [87.79108183200003, 26.553164768000045], [87.79216070800004, 26.552224393000074], [87.79399408300009, 26.54780470600008], [87.79413014500005, 26.54333339300007], [87.79531008300006, 26.535859394000056], [87.79150170800006, 26.53125433100007], [87.79236464500008, 26.528674644000034], [87.79540139600005, 26.529012081000076], [87.80392770800006, 26.52801870600007], [87.80588920700006, 26.528409331000034], [87.80887595800004, 26.527151206000042], [87.81356245800004, 26.526447519000044], [87.81574927000008, 26.524990768000066], [87.81890595800007, 26.52578733100006], [87.82217258300005, 26.525466144000063], [87.82409308200005, 26.525820644000078], [87.82891839500007, 26.52324264400005], [87.83020958300006, 26.52286951900004], [87.83151564500008, 26.525779831000023], [87.83421758300005, 26.52673214300006], [87.83172814500006, 26.530463456000064], [87.83287764500005, 26.53304295600003], [87.83907064500005, 26.535249769000075], [87.84111470700003, 26.53926820600003], [87.84464383300008, 26.542799331000026], [87.84730470800008, 26.548425268000074], [87.84933139500004, 26.55188845600003], [87.84894545800006, 26.554091019000055], [87.84688927100007, 26.557194894000077], [87.84660995700006, 26.55940133100006], [87.84706783300004, 26.56279495600006], [87.84777570800009, 26.563677581000036], [87.85234070800004, 26.564189706000036], [87.85460089500003, 26.56397308100003], [87.85792477100006, 26.56210945600003], [87.85952564500008, 26.561910143000034], [87.86334770800005, 26.563588581000033], [87.86700902000007, 26.564480331000027], [87.86991583200006, 26.565651831000025], [87.87145502000004, 26.568652831000065], [87.87257277000003, 26.572096456000054], [87.87237839600004, 26.57327108100003], [87.87012402100004, 26.572783894000054], [87.87039489500006, 26.57507951900004], [87.87263383300007, 26.577584269000056], [87.87404783300008, 26.580522768000037], [87.87321933300007, 26.58322233100006], [87.87380977000004, 26.584457643000064], [87.87400970800007, 26.588804956000047], [87.87318152000006, 26.58990226900005], [87.87127120800005, 26.591538769000067], [87.87181852100008, 26.593383644000028], [87.87273489500006, 26.600757268000052], [87.87157270800003, 26.60226508100004], [87.86686895800005, 26.602370519000033], [87.86173583300007, 26.604310831000078], [87.86045877000004, 26.60432983100003], [87.85808558300005, 26.605817768000065], [87.85820414600005, 26.608335518000047], [87.85989339600007, 26.61206008100004], [87.85935658300008, 26.614480206000053], [87.85937808300008, 26.621295144000044], [87.86230127000005, 26.624466081000037], [87.86458339500007, 26.62934920600003], [87.86966252000008, 26.636474018000058], [87.87221608200008, 26.642136143000073], [87.87244427100006, 26.643743706000066], [87.87211945800004, 26.651235519000068], [87.87236520800008, 26.653910393000046], [87.87387889500008, 26.65892208100007], [87.87884633300007, 26.66203495600007], [87.88003433300008, 26.664726518000066], [87.87981158300005, 26.667783393000036], [87.88025877000007, 26.66901495600007], [87.88270170700008, 26.671728081000026], [87.88516189500007, 26.673482019000062], [87.88644270700007, 26.675719394000055], [87.88278014500008, 26.68329739400008], [87.88172883300007, 26.68428551900007], [87.87792952000007, 26.686800394000045], [87.87399908200007, 26.688695331000076], [87.87203908300006, 26.69144695600005], [87.86965883300007, 26.691806831000065], [87.86819489500004, 26.690831893000052], [87.86537095800009, 26.690084144000025], [87.86454883300007, 26.687004331000026], [87.86597789600006, 26.684289893000027], [87.86780633300003, 26.683813893000035], [87.86729964500006, 26.68209289400005], [87.86792589500004, 26.677293769000073], [87.86986395700006, 26.675056768000047], [87.87063470700008, 26.671940206000045], [87.86819320800004, 26.671458706000067], [87.86801839600008, 26.673754768000038], [87.86606577000003, 26.673310832000027], [87.86383489500008, 26.673613269000043], [87.85873258300006, 26.67572939400003], [87.85618564600009, 26.67509251900003], [87.85357202000006, 26.675701769000057], [87.84926333300007, 26.674448081000037], [87.84747889500005, 26.674752081000065], [87.84630745800007, 26.67599345600007], [87.84373520800006, 26.676945268000054], [87.84213808300007, 26.678644956000028], [87.84111077000006, 26.681916456000067], [87.83825839500008, 26.684266644000047], [87.83614808300007, 26.68736158100006], [87.83238264500005, 26.688810019000073], [87.82943877000008, 26.691158331000054], [87.82407245800005, 26.691780893000043], [87.82061945800007, 26.69340076900005]]]}, "properties": {"code": "shivasatakshi_municipality", "name": "Shivasatakshi Municipality", "type": "Nagarpalika"}}]}